kecamatan,kelurahan,luas_tanah_m2,njop_tanah_m2,njop_total,zona_nilai_tanah,kelas_tanah,tahun,jenis_sertifikat,no_sertifikat
Bubutan,Kelurahan Bubutan Utara,132,4274327,564211164,2,B,2025,SHM,SRT-332385
Bubutan,Lingkungan Bubutan Timur,372,4774896,1776261312,2,B,2025,Belum Bersertifikat,
Prajuritkulon,Kelurahan Prajuritkulon Maju,268,5742947,1539109796,2,B,2025,SHM,SRT-537703
Tandes,Kelurahan Tandes Utara,243,10891167,2646553581,1,A,2025,HGB,SRT-396374
Jambangan,Desa Jambangan Selatan,101,4908995,495808495,2,B,2025,HGB,SRT-767729
Mulyorejo,Kelurahan Mulyorejo Indah,493,7241238,3569930334,1,A,2025,SHM,SRT-811786
Kenjeran,Desa Kenjeran Timur,466,5629645,2623414570,2,B,2025,HGB,SRT-492340
Wonocolo,Lingkungan Wonocolo Maju,363,10163998,3689531274,1,A,2025,SHM,SRT-521039
Bulak,Desa Bulak Barat,321,6728247,2159767287,2,B,2025,HGB,SRT-734550
Karang Pilang,Lingkungan Karang Pilang Selatan,346,6985909,2417124514,2,B,2025,Belum Bersertifikat,
Gayungan,Kelurahan Gayungan Maju,257,6229171,1600896947,2,B,2025,Belum Bersertifikat,
Wiyung,Lingkungan Wiyung Maju,354,6347320,2246951280,2,B,2025,SHM,SRT-676938
Wonocolo,Kelurahan Wonocolo Selatan,198,9606188,1902025224,1,A,2025,SHM,SRT-587223
Bubutan,Desa Bubutan Kota,444,6455060,2866046640,2,B,2025,Belum Bersertifikat,
Asemrowo,Kelurahan Asemrowo Maju,319,6885157,2196365083,2,B,2025,SHM,SRT-785266
Asemrowo,Desa Asemrowo Selatan,152,5439714,826836528,2,B,2025,SHM,SRT-870975
Simokerto,Desa Simokerto Utara,478,8849523,4230071994,1,A,2025,Belum Bersertifikat,
Sambikerep,Desa Sambikerep Selatan,457,7568987,3459027059,1,A,2025,SHM,SRT-501983
Wonocolo,Kelurahan Wonocolo Utara,213,11192719,2384049147,1,A,2025,SHM,SRT-951843
Sukolilo,Desa Sukolilo Barat,348,7859087,2734962276,1,A,2025,HGB,SRT-361965
Jambangan,Lingkungan Jambangan Kota,253,4507724,1140454172,2,B,2025,SHM,SRT-983116
Tandes,Kelurahan Tandes Kota,57,8204092,467633244,1,A,2025,Belum Bersertifikat,
Asemrowo,Lingkungan Asemrowo Timur,328,4097448,1343962944,2,B,2025,SHM,SRT-503411
Wiyung,Desa Wiyung Kota,207,4781864,989845848,2,B,2025,HGB,SRT-365948
Wonokromo,Kelurahan Wonokromo Selatan,351,9064298,3181568598,1,A,2025,SHM,SRT-537187
Pakal,Kelurahan Pakal Indah,277,8174731,2264400487,1,A,2025,SHM,SRT-232789
Jambangan,Kelurahan Jambangan Utara,223,4195989,935705547,2,B,2025,HGB,SRT-742355
Krembangan,Lingkungan Krembangan Timur,489,4438577,2170464153,2,B,2025,Belum Bersertifikat,
Gunung Anyar,Kelurahan Gunung Anyar Indah,408,11034097,4501911576,1,A,2025,Belum Bersertifikat,
Bubutan,Desa Bubutan Utara,249,4832964,1203408036,2,B,2025,HGB,SRT-873389
Kenjeran,Lingkungan Kenjeran Selatan,89,6715741,597700949,2,B,2025,SHM,SRT-870405
Bulak,Kelurahan Bulak Kota,197,6837642,1347015474,2,B,2025,HGB,SRT-929038
Kenjeran,Lingkungan Kenjeran Indah,57,4617573,263201661,2,B,2025,Belum Bersertifikat,
Dukuh Pakis,Lingkungan Dukuh Pakis Utara,348,5476803,1905927444,2,B,2025,Belum Bersertifikat,
Kenjeran,Kelurahan Kenjeran Indah,391,4056890,1586243990,2,B,2025,SHM,SRT-738347
Gunung Anyar,Lingkungan Gunung Anyar Kota,262,8990475,2355504450,1,A,2025,HGB,SRT-857122
Bulak,Kelurahan Bulak Kota,141,6255893,882080913,2,B,2025,Belum Bersertifikat,
Tambaksari,Lingkungan Tambaksari Utara,368,10591398,3897634464,1,A,2025,SHM,SRT-609319
Kenjeran,Desa Kenjeran Utara,109,5776065,629591085,2,B,2025,SHM,SRT-592150
Rungkut,Kelurahan Rungkut Kota,99,10342767,1023933933,1,A,2025,Belum Bersertifikat,
Tegalsari,Desa Tegalsari Selatan,440,8238130,3624777200,1,A,2025,HGB,SRT-204994
Benowo,Kelurahan Benowo Utara,152,5312923,807564296,2,B,2025,HGB,SRT-798997
Wonocolo,Lingkungan Wonocolo Kota,358,7240037,2591933246,1,A,2025,SHM,SRT-260112
Bulak,Kelurahan Bulak Barat,412,5448163,2244643156,2,B,2025,Belum Bersertifikat,
Mulyorejo,Kelurahan Mulyorejo Kota,460,10789049,4962962540,1,A,2025,HGB,SRT-589047
Bulak,Lingkungan Bulak Barat,114,6763530,771042420,2,B,2025,Belum Bersertifikat,
Kenjeran,Lingkungan Kenjeran Selatan,289,6886167,1990102263,2,B,2025,Belum Bersertifikat,
Asemrowo,Kelurahan Asemrowo Maju,446,5001667,2230743482,2,B,2025,HGB,SRT-318060
Karang Pilang,Desa Karang Pilang Maju,76,4511767,342894292,2,B,2025,SHM,SRT-239921
Krembangan,Kelurahan Krembangan Indah,153,4592353,702630009,2,B,2025,Belum Bersertifikat,
Sukomanunggal,Desa Sukomanunggal Selatan,92,4164188,383105296,2,B,2025,SHM,SRT-314912
Dukuh Pakis,Lingkungan Dukuh Pakis Indah,256,6036291,1545290496,2,B,2025,SHM,SRT-212081
Wonokromo,Kelurahan Wonokromo Kota,204,10459078,2133651912,1,A,2025,Belum Bersertifikat,
Sambikerep,Desa Sambikerep Utara,269,10996420,2958036980,1,A,2025,SHM,SRT-842815
Rungkut,Kelurahan Rungkut Indah,283,8761682,2479556006,1,A,2025,Belum Bersertifikat,
Wonocolo,Kelurahan Wonocolo Utara,65,10508707,683065955,1,A,2025,Belum Bersertifikat,
Asemrowo,Desa Asemrowo Kota,443,5225708,2314988644,2,B,2025,Belum Bersertifikat,
Sukolilo,Kelurahan Sukolilo Maju,485,11516566,5585534510,1,A,2025,HGB,SRT-753235
Bulak,Kelurahan Bulak Kota,185,5474601,1012801185,2,B,2025,Belum Bersertifikat,
Gubeng,Kelurahan Gubeng Maju,94,9315330,875641020,1,A,2025,SHM,SRT-873913
Pakal,Desa Pakal Selatan,337,9157271,3086000327,1,A,2025,Belum Bersertifikat,
Wonokromo,Desa Wonokromo Timur,293,9150659,2681143087,1,A,2025,Belum Bersertifikat,
Gunung Anyar,Desa Gunung Anyar Barat,435,8231068,3580514580,1,A,2025,Belum Bersertifikat,
Tandes,Desa Tandes Maju,414,9048820,3746211480,1,A,2025,HGB,SRT-814653
Tegalsari,Lingkungan Tegalsari Kota,438,7079129,3100658502,1,A,2025,Belum Bersertifikat,
Dukuh Pakis,Desa Dukuh Pakis Maju,130,6656037,865284810,2,B,2025,HGB,SRT-556346
Wonokromo,Desa Wonokromo Timur,209,7960483,1663740947,1,A,2025,SHM,SRT-659092
Wiyung,Lingkungan Wiyung Timur,394,4665249,1838108106,2,B,2025,SHM,SRT-556592
Gayungan,Lingkungan Gayungan Utara,482,4577368,2206291376,2,B,2025,Belum Bersertifikat,
Benowo,Kelurahan Benowo Maju,295,6594229,1945297555,2,B,2025,Belum Bersertifikat,
Asemrowo,Lingkungan Asemrowo Maju,154,6998107,1077708478,2,B,2025,Belum Bersertifikat,
Sukomanunggal,Desa Sukomanunggal Indah,357,6825591,2436735987,2,B,2025,SHM,SRT-570897
Wonocolo,Kelurahan Wonocolo Timur,457,7681002,3510217914,1,A,2025,SHM,SRT-765085
Tambaksari,Desa Tambaksari Indah,418,8235443,3442415174,1,A,2025,Belum Bersertifikat,
Benowo,Desa Benowo Indah,365,4908883,1791742295,2,B,2025,HGB,SRT-889503
Wonokromo,Kelurahan Wonokromo Utara,295,10420960,3074183200,1,A,2025,SHM,SRT-189131
Mulyorejo,Kelurahan Mulyorejo Indah,298,7923306,2361145188,1,A,2025,HGB,SRT-519807
Semampir,Desa Semampir Selatan,183,6425241,1175819103,2,B,2025,HGB,SRT-386587
Wiyung,Kelurahan Wiyung Selatan,238,6978506,1660884428,2,B,2025,SHM,SRT-429053
Pakal,Desa Pakal Maju,221,8119886,1794494806,1,A,2025,Belum Bersertifikat,
Prajuritkulon,Lingkungan Prajuritkulon Selatan,292,6614121,1931323332,2,B,2025,Belum Bersertifikat,
Benowo,Kelurahan Benowo Kota,89,5733414,510273846,2,B,2025,Belum Bersertifikat,
Rungkut,Kelurahan Rungkut Barat,354,11579217,4099042818,1,A,2025,HGB,SRT-734083
Pabean Cantikan,Lingkungan Pabean Cantikan Kota,309,5330647,1647169923,2,B,2025,Belum Bersertifikat,
Simokerto,Lingkungan Simokerto Selatan,193,9962791,1922818663,1,A,2025,Belum Bersertifikat,
Sambikerep,Lingkungan Sambikerep Kota,111,8470673,940244703,1,A,2025,HGB,SRT-641475
Simokerto,Lingkungan Simokerto Indah,493,7518349,3706546057,1,A,2025,HGB,SRT-345084
Asemrowo,Desa Asemrowo Utara,261,5860116,1529490276,2,B,2025,HGB,SRT-366090
Gunung Anyar,Lingkungan Gunung Anyar Maju,63,10749917,677244771,1,A,2025,HGB,SRT-851018
Gubeng,Kelurahan Gubeng Timur,393,7784437,3059283741,1,A,2025,Belum Bersertifikat,
Kenjeran,Desa Kenjeran Indah,75,4014630,301097250,2,B,2025,HGB,SRT-570717
Bubutan,Desa Bubutan Indah,234,4105084,960589656,2,B,2025,Belum Bersertifikat,
Sukolilo,Kelurahan Sukolilo Kota,146,10113430,1476560780,1,A,2025,SHM,SRT-257664
Semampir,Lingkungan Semampir Timur,171,4020492,687504132,2,B,2025,HGB,SRT-691040
Gunung Anyar,Desa Gunung Anyar Maju,432,7744855,3345777360,1,A,2025,HGB,SRT-779076
Sawahan,Desa Sawahan Barat,330,6426040,2120593200,2,B,2025,Belum Bersertifikat,
Simokerto,Lingkungan Simokerto Kota,229,9402909,2153266161,1,A,2025,HGB,SRT-559721
Pabean Cantikan,Kelurahan Pabean Cantikan Kota,363,6696974,2431001562,2,B,2025,SHM,SRT-310837
Tambaksari,Desa Tambaksari Barat,427,10267799,4384350173,1,A,2025,HGB,SRT-654803
Wonocolo,Kelurahan Wonocolo Utara,370,10123531,3745706470,1,A,2025,Belum Bersertifikat,
Tandes,Desa Tandes Kota,75,8976491,673236825,1,A,2025,Belum Bersertifikat,
Sambikerep,Lingkungan Sambikerep Timur,356,10276748,3658522288,1,A,2025,HGB,SRT-193597
Benowo,Kelurahan Benowo Timur,295,6385848,1883825160,2,B,2025,Belum Bersertifikat,
Gubeng,Desa Gubeng Utara,372,10199570,3794240040,1,A,2025,Belum Bersertifikat,
Sukolilo,Lingkungan Sukolilo Selatan,200,8811855,1762371000,1,A,2025,HGB,SRT-569504
Mulyorejo,Lingkungan Mulyorejo Maju,231,8623619,1992055989,1,A,2025,HGB,SRT-871524
Rungkut,Lingkungan Rungkut Maju,317,10093541,3199652497,1,A,2025,HGB,SRT-176810
Gunung Anyar,Kelurahan Gunung Anyar Kota,441,8203193,3617608113,1,A,2025,HGB,SRT-863093
Pabean Cantikan,Kelurahan Pabean Cantikan Timur,312,6791667,2119000104,2,B,2025,SHM,SRT-985834
Asemrowo,Desa Asemrowo Selatan,242,5457772,1320780824,2,B,2025,SHM,SRT-221358
Pabean Cantikan,Kelurahan Pabean Cantikan Kota,110,5479614,602757540,2,B,2025,HGB,SRT-550700
Semampir,Lingkungan Semampir Barat,61,5283383,322286363,2,B,2025,HGB,SRT-629833
Prajuritkulon,Kelurahan Prajuritkulon Selatan,368,4711200,1733721600,2,B,2025,Belum Bersertifikat,
Tegalsari,Kelurahan Tegalsari Timur,199,10099221,2009744979,1,A,2025,HGB,SRT-819713
Krembangan,Kelurahan Krembangan Kota,349,4481952,1564201248,2,B,2025,Belum Bersertifikat,
Benowo,Lingkungan Benowo Kota,186,5095170,947701620,2,B,2025,SHM,SRT-840831
Benowo,Kelurahan Benowo Maju,402,4215172,1694499144,2,B,2025,SHM,SRT-319146
Wiyung,Kelurahan Wiyung Indah,290,5033444,1459698760,2,B,2025,SHM,SRT-692750
Rungkut,Desa Rungkut Utara,94,10276676,966007544,1,A,2025,HGB,SRT-587968
Tandes,Desa Tandes Indah,463,11493172,5321338636,1,A,2025,HGB,SRT-662458
Lakarsantri,Kelurahan Lakarsantri Kota,54,8280898,447168492,1,A,2025,SHM,SRT-554138
Simokerto,Kelurahan Simokerto Utara,426,7408067,3155836542,1,A,2025,HGB,SRT-257774
Pabean Cantikan,Kelurahan Pabean Cantikan Barat,304,5101162,1550753248,2,B,2025,Belum Bersertifikat,
Sawahan,Lingkungan Sawahan Indah,118,4594167,542111706,2,B,2025,Belum Bersertifikat,
Tandes,Desa Tandes Kota,68,10962735,745465980,1,A,2025,SHM,SRT-516207
Pakal,Desa Pakal Barat,181,7336782,1327957542,1,A,2025,SHM,SRT-397923
Pabean Cantikan,Desa Pabean Cantikan Maju,336,4728655,1588828080,2,B,2025,SHM,SRT-786293
Karang Pilang,Lingkungan Karang Pilang Utara,486,4559218,2215779948,2,B,2025,SHM,SRT-616000
Mulyorejo,Desa Mulyorejo Indah,452,8505861,3844649172,1,A,2025,HGB,SRT-420582
Kenjeran,Kelurahan Kenjeran Indah,183,5528120,1011645960,2,B,2025,SHM,SRT-357376
Wiyung,Lingkungan Wiyung Kota,328,5333841,1749499848,2,B,2025,SHM,SRT-248045
Benowo,Kelurahan Benowo Utara,186,5494543,1021984998,2,B,2025,HGB,SRT-863098
Semampir,Desa Semampir Timur,239,5419610,1295286790,2,B,2025,HGB,SRT-532591
Wonokromo,Lingkungan Wonokromo Indah,327,10895871,3562949817,1,A,2025,HGB,SRT-747112
Gunung Anyar,Lingkungan Gunung Anyar Kota,315,8098988,2551181220,1,A,2025,SHM,SRT-164734
Gubeng,Lingkungan Gubeng Indah,498,7646501,3807957498,1,A,2025,HGB,SRT-974807
Sambikerep,Desa Sambikerep Kota,210,7421603,1558536630,1,A,2025,SHM,SRT-374338
Dukuh Pakis,Desa Dukuh Pakis Selatan,336,6758617,2270895312,2,B,2025,Belum Bersertifikat,
Gunung Anyar,Lingkungan Gunung Anyar Barat,458,8770196,4016749768,1,A,2025,HGB,SRT-257153
Gayungan,Desa Gayungan Barat,430,6674514,2870041020,2,B,2025,SHM,SRT-220839
Wonokromo,Kelurahan Wonokromo Kota,418,10829560,4526756080,1,A,2025,SHM,SRT-731654
Pakal,Desa Pakal Timur,80,7342419,587393520,1,A,2025,Belum Bersertifikat,
Tambaksari,Lingkungan Tambaksari Kota,170,11654795,1981315150,1,A,2025,HGB,SRT-743478
Sukomanunggal,Lingkungan Sukomanunggal Kota,392,6560311,2571641912,2,B,2025,SHM,SRT-412011
Prajuritkulon,Desa Prajuritkulon Selatan,406,5517514,2240110684,2,B,2025,SHM,SRT-946133
Prajuritkulon,Lingkungan Prajuritkulon Utara,404,4195684,1695056336,2,B,2025,Belum Bersertifikat,
Pabean Cantikan,Desa Pabean Cantikan Timur,107,5483495,586733965,2,B,2025,SHM,SRT-361402
Lakarsantri,Kelurahan Lakarsantri Selatan,254,8592924,2182602696,1,A,2025,HGB,SRT-762387
Rungkut,Lingkungan Rungkut Timur,477,8231278,3926319606,1,A,2025,Belum Bersertifikat,
Simokerto,Lingkungan Simokerto Utara,85,7418184,630545640,1,A,2025,Belum Bersertifikat,
Mulyorejo,Kelurahan Mulyorejo Timur,435,7143906,3107599110,1,A,2025,HGB,SRT-161587
Tegalsari,Lingkungan Tegalsari Barat,389,9732672,3786009408,1,A,2025,SHM,SRT-336803
Gunung Anyar,Kelurahan Gunung Anyar Kota,474,9356031,4434758694,1,A,2025,SHM,SRT-408085
Pakal,Kelurahan Pakal Indah,497,8044371,3998052387,1,A,2025,HGB,SRT-523110
Simokerto,Desa Simokerto Indah,96,11537323,1107583008,1,A,2025,SHM,SRT-726849
Asemrowo,Lingkungan Asemrowo Selatan,388,5575338,2163231144,2,B,2025,SHM,SRT-657992
Dukuh Pakis,Lingkungan Dukuh Pakis Utara,458,4137214,1894844012,2,B,2025,Belum Bersertifikat,
Karang Pilang,Desa Karang Pilang Indah,432,4534048,1958708736,2,B,2025,Belum Bersertifikat,
Karang Pilang,Lingkungan Karang Pilang Utara,334,5747072,1919522048,2,B,2025,HGB,SRT-999972
Pabean Cantikan,Desa Pabean Cantikan Indah,74,5640284,417381016,2,B,2025,SHM,SRT-163727
Gayungan,Desa Gayungan Indah,93,6968149,648037857,2,B,2025,SHM,SRT-919318
Wonokromo,Lingkungan Wonokromo Utara,227,11088161,2517012547,1,A,2025,HGB,SRT-869960
Bubutan,Lingkungan Bubutan Barat,109,6545391,713447619,2,B,2025,SHM,SRT-682342
Karang Pilang,Desa Karang Pilang Barat,478,4775063,2282480114,2,B,2025,HGB,SRT-885266
Bubutan,Kelurahan Bubutan Maju,234,5246035,1227572190,2,B,2025,HGB,SRT-537518
Simokerto,Kelurahan Simokerto Maju,431,10259126,4421683306,1,A,2025,HGB,SRT-781999
Kenjeran,Lingkungan Kenjeran Utara,91,4218369,383871579,2,B,2025,SHM,SRT-134935
Tegalsari,Kelurahan Tegalsari Kota,256,9083181,2325294336,1,A,2025,Belum Bersertifikat,
Benowo,Desa Benowo Utara,79,4650113,367358927,2,B,2025,Belum Bersertifikat,
Sukomanunggal,Desa Sukomanunggal Kota,480,6508283,3123975840,2,B,2025,Belum Bersertifikat,
Rungkut,Kelurahan Rungkut Timur,408,8146123,3323618184,1,A,2025,HGB,SRT-900385
Karang Pilang,Kelurahan Karang Pilang Maju,277,5847002,1619619554,2,B,2025,SHM,SRT-270972
Bulak,Lingkungan Bulak Maju,439,4775232,2096326848,2,B,2025,Belum Bersertifikat,
Wiyung,Lingkungan Wiyung Utara,463,4445713,2058365119,2,B,2025,SHM,SRT-791944
Genteng,Desa Genteng Barat,420,11732986,4927854120,1,A,2025,HGB,SRT-173309
Wiyung,Kelurahan Wiyung Barat,461,5861976,2702370936,2,B,2025,HGB,SRT-768211
Sukolilo,Lingkungan Sukolilo Timur,81,10358063,839003103,1,A,2025,Belum Bersertifikat,
Tambaksari,Kelurahan Tambaksari Timur,169,9251419,1563489811,1,A,2025,SHM,SRT-589568
Wiyung,Lingkungan Wiyung Kota,495,4818249,2385033255,2,B,2025,SHM,SRT-869396
Rungkut,Desa Rungkut Kota,74,8284069,613021106,1,A,2025,Belum Bersertifikat,
Tambaksari,Lingkungan Tambaksari Timur,341,9907523,3378465343,1,A,2025,SHM,SRT-505646
Simokerto,Desa Simokerto Barat,256,11902966,3047159296,1,A,2025,HGB,SRT-659700
Rungkut,Kelurahan Rungkut Timur,78,7854596,612658488,1,A,2025,SHM,SRT-812248
Gubeng,Desa Gubeng Barat,321,11627532,3732437772,1,A,2025,Belum Bersertifikat,
Genteng,Lingkungan Genteng Utara,286,7802578,2231537308,1,A,2025,HGB,SRT-597352
Sukolilo,Lingkungan Sukolilo Selatan,229,10768769,2466048101,1,A,2025,Belum Bersertifikat,
Sukomanunggal,Kelurahan Sukomanunggal Maju,122,5430601,662533322,2,B,2025,HGB,SRT-855849
Asemrowo,Lingkungan Asemrowo Utara,123,5135496,631666008,2,B,2025,SHM,SRT-205361
Karang Pilang,Desa Karang Pilang Utara,67,6201216,415481472,2,B,2025,Belum Bersertifikat,
Genteng,Kelurahan Genteng Maju,233,8241781,1920334973,1,A,2025,SHM,SRT-335426
Rungkut,Kelurahan Rungkut Barat,384,8173258,3138531072,1,A,2025,HGB,SRT-752697
Wiyung,Kelurahan Wiyung Maju,423,4741147,2005505181,2,B,2025,Belum Bersertifikat,
Dukuh Pakis,Kelurahan Dukuh Pakis Maju,238,6637356,1579690728,2,B,2025,SHM,SRT-950680
Wonokromo,Lingkungan Wonokromo Timur,443,7030042,3114308606,1,A,2025,SHM,SRT-468369
Bulak,Lingkungan Bulak Maju,215,6267866,1347591190,2,B,2025,HGB,SRT-949092
Wonokromo,Kelurahan Wonokromo Utara,172,7620461,1310719292,1,A,2025,HGB,SRT-120306
Benowo,Lingkungan Benowo Maju,137,6738821,923218477,2,B,2025,HGB,SRT-806209
Gunung Anyar,Lingkungan Gunung Anyar Barat,483,10688632,5162609256,1,A,2025,SHM,SRT-447730
Sukomanunggal,Desa Sukomanunggal Selatan,251,6559089,1646331339,2,B,2025,Belum Bersertifikat,
Sukolilo,Desa Sukolilo Indah,321,9934994,3189133074,1,A,2025,HGB,SRT-982324
Genteng,Lingkungan Genteng Kota,265,8708697,2307804705,1,A,2025,SHM,SRT-877234
Genteng,Lingkungan Genteng Kota,206,10636747,2191169882,1,A,2025,Belum Bersertifikat,
Lakarsantri,Lingkungan Lakarsantri Barat,416,8475918,3525981888,1,A,2025,HGB,SRT-335328
Dukuh Pakis,Lingkungan Dukuh Pakis Indah,231,6900886,1594104666,2,B,2025,Belum Bersertifikat,
Sukolilo,Kelurahan Sukolilo Timur,79,8112057,640852503,1,A,2025,HGB,SRT-959866
Tegalsari,Lingkungan Tegalsari Utara,492,7834505,3854576460,1,A,2025,SHM,SRT-870629
Bubutan,Lingkungan Bubutan Utara,218,4638178,1011122804,2,B,2025,SHM,SRT-127203
Wiyung,Desa Wiyung Maju,459,6343894,2911847346,2,B,2025,SHM,SRT-470377
Simokerto,Lingkungan Simokerto Barat,186,11817809,2198112474,1,A,2025,SHM,SRT-633606
Wiyung,Kelurahan Wiyung Barat,311,6049183,1881295913,2,B,2025,Belum Bersertifikat,
Wonokromo,Lingkungan Wonokromo Utara,272,7042892,1915666624,1,A,2025,Belum Bersertifikat,
Kenjeran,Desa Kenjeran Kota,205,4993398,1023646590,2,B,2025,HGB,SRT-206217
Jambangan,Lingkungan Jambangan Indah,460,6154331,2830992260,2,B,2025,Belum Bersertifikat,
Benowo,Lingkungan Benowo Selatan,478,6806579,3253544762,2,B,2025,HGB,SRT-346718
Simokerto,Desa Simokerto Barat,362,7301768,2643240016,1,A,2025,HGB,SRT-929350
Wonokromo,Desa Wonokromo Utara,85,9853746,837568410,1,A,2025,HGB,SRT-965171
Gubeng,Desa Gubeng Selatan,186,7374857,1371723402,1,A,2025,Belum Bersertifikat,
Sawahan,Desa Sawahan Kota,104,4092759,425646936,2,B,2025,HGB,SRT-652249
Karang Pilang,Lingkungan Karang Pilang Maju,464,4102289,1903462096,2,B,2025,SHM,SRT-546507
Sukolilo,Kelurahan Sukolilo Utara,338,7859627,2656553926,1,A,2025,HGB,SRT-241801
Pakal,Kelurahan Pakal Kota,421,8258901,3476997321,1,A,2025,Belum Bersertifikat,
Gubeng,Lingkungan Gubeng Timur,287,8465769,2429675703,1,A,2025,HGB,SRT-894434
Gunung Anyar,Desa Gunung Anyar Barat,396,10927138,4327146648,1,A,2025,SHM,SRT-835603
Tandes,Desa Tandes Kota,215,8865007,1905976505,1,A,2025,SHM,SRT-313504
Sukolilo,Desa Sukolilo Indah,426,11991788,5108501688,1,A,2025,HGB,SRT-529826
Gayungan,Desa Gayungan Kota,417,5549737,2314240329,2,B,2025,SHM,SRT-601638
Tegalsari,Lingkungan Tegalsari Selatan,495,11428927,5657318865,1,A,2025,Belum Bersertifikat,
Sawahan,Kelurahan Sawahan Maju,463,5755080,2664602040,2,B,2025,SHM,SRT-189160
Gayungan,Kelurahan Gayungan Kota,117,5489805,642307185,2,B,2025,SHM,SRT-960197
Asemrowo,Kelurahan Asemrowo Selatan,203,5434808,1103266024,2,B,2025,Belum Bersertifikat,
Benowo,Desa Benowo Kota,493,5984567,2950391531,2,B,2025,SHM,SRT-185157
Tambaksari,Kelurahan Tambaksari Maju,364,9250247,3367089908,1,A,2025,Belum Bersertifikat,
Gubeng,Desa Gubeng Kota,311,7526043,2340599373,1,A,2025,SHM,SRT-213154
Asemrowo,Kelurahan Asemrowo Kota,303,4279169,1296588207,2,B,2025,SHM,SRT-385947
Dukuh Pakis,Kelurahan Dukuh Pakis Timur,302,6765392,2043148384,2,B,2025,Belum Bersertifikat,
Wonocolo,Desa Wonocolo Maju,449,7410766,3327433934,1,A,2025,HGB,SRT-256748
Pakal,Kelurahan Pakal Selatan,275,9629195,2648028625,1,A,2025,HGB,SRT-555311
Lakarsantri,Lingkungan Lakarsantri Kota,281,7467114,2098259034,1,A,2025,SHM,SRT-554414
Krembangan,Desa Krembangan Timur,222,4057887,900850914,2,B,2025,HGB,SRT-968141
Bulak,Lingkungan Bulak Kota,251,6330495,1588954245,2,B,2025,Belum Bersertifikat,
Tambaksari,Kelurahan Tambaksari Indah,480,8566879,4112101920,1,A,2025,Belum Bersertifikat,
Dukuh Pakis,Desa Dukuh Pakis Barat,320,5962927,1908136640,2,B,2025,SHM,SRT-789892
Sukomanunggal,Desa Sukomanunggal Indah,117,5791066,677554722,2,B,2025,HGB,SRT-529033
Tambaksari,Desa Tambaksari Timur,147,9026540,1326901380,1,A,2025,HGB,SRT-692152
Rungkut,Kelurahan Rungkut Selatan,175,9731963,1703093525,1,A,2025,HGB,SRT-409515
Pakal,Lingkungan Pakal Utara,76,7402254,562571304,1,A,2025,Belum Bersertifikat,
Dukuh Pakis,Desa Dukuh Pakis Barat,88,6277704,552437952,2,B,2025,Belum Bersertifikat,
Simokerto,Kelurahan Simokerto Utara,322,11436129,3682433538,1,A,2025,SHM,SRT-695303
Prajuritkulon,Desa Prajuritkulon Selatan,454,6681431,3033369674,2,B,2025,HGB,SRT-815079
Tegalsari,Desa Tegalsari Selatan,416,8949901,3723158816,1,A,2025,Belum Bersertifikat,
Pabean Cantikan,Lingkungan Pabean Cantikan Selatan,288,5447402,1568851776,2,B,2025,SHM,SRT-120242
Bubutan,Lingkungan Bubutan Barat,181,5210959,943183579,2,B,2025,Belum Bersertifikat,
Kenjeran,Lingkungan Kenjeran Selatan,470,4463652,2097916440,2,B,2025,Belum Bersertifikat,
Benowo,Kelurahan Benowo Barat,196,5980276,1172134096,2,B,2025,Belum Bersertifikat,
Pabean Cantikan,Desa Pabean Cantikan Utara,214,4434195,948917730,2,B,2025,HGB,SRT-328698
Prajuritkulon,Desa Prajuritkulon Timur,304,4604886,1399885344,2,B,2025,SHM,SRT-589114
Pabean Cantikan,Desa Pabean Cantikan Utara,178,5476131,974751318,2,B,2025,Belum Bersertifikat,
Pakal,Desa Pakal Kota,145,11293460,1637551700,1,A,2025,SHM,SRT-256839
Wonokromo,Lingkungan Wonokromo Indah,211,7574708,1598263388,1,A,2025,SHM,SRT-388345
Kenjeran,Desa Kenjeran Utara,91,5726964,521153724,2,B,2025,SHM,SRT-780833
Karang Pilang,Desa Karang Pilang Indah,483,5705306,2755662798,2,B,2025,SHM,SRT-926322
Kenjeran,Lingkungan Kenjeran Selatan,472,4409036,2081064992,2,B,2025,SHM,SRT-905473
Sambikerep,Kelurahan Sambikerep Indah,203,11317095,2297370285,1,A,2025,HGB,SRT-881722
Wiyung,Lingkungan Wiyung Timur,149,5835338,869465362,2,B,2025,HGB,SRT-922040
Bubutan,Lingkungan Bubutan Maju,420,4995511,2098114620,2,B,2025,SHM,SRT-990372
Tegalsari,Desa Tegalsari Utara,407,8360669,3402792283,1,A,2025,HGB,SRT-683030
Jambangan,Desa Jambangan Utara,93,5672288,527522784,2,B,2025,HGB,SRT-248240
Tambaksari,Desa Tambaksari Timur,327,7817051,2556175677,1,A,2025,HGB,SRT-461084
Wiyung,Desa Wiyung Timur,60,4475802,268548120,2,B,2025,HGB,SRT-365606
Pabean Cantikan,Kelurahan Pabean Cantikan Barat,308,6399087,1970918796,2,B,2025,Belum Bersertifikat,
Genteng,Desa Genteng Barat,284,7721062,2192781608,1,A,2025,HGB,SRT-490209
Bubutan,Kelurahan Bubutan Timur,453,5731041,2596161573,2,B,2025,Belum Bersertifikat,
Kenjeran,Desa Kenjeran Selatan,185,5664621,1047954885,2,B,2025,HGB,SRT-507033
Sukolilo,Desa Sukolilo Utara,441,10062268,4437460188,1,A,2025,Belum Bersertifikat,
Jambangan,Desa Jambangan Selatan,422,5044035,2128582770,2,B,2025,Belum Bersertifikat,
Jambangan,Kelurahan Jambangan Kota,179,5465431,978312149,2,B,2025,SHM,SRT-757073
Sukomanunggal,Desa Sukomanunggal Maju,63,4094113,257929119,2,B,2025,SHM,SRT-487359
Tandes,Lingkungan Tandes Kota,134,9282054,1243795236,1,A,2025,Belum Bersertifikat,
Pabean Cantikan,Kelurahan Pabean Cantikan Barat,370,5367087,1985822190,2,B,2025,SHM,SRT-634533
Dukuh Pakis,Desa Dukuh Pakis Timur,81,5324201,431260281,2,B,2025,SHM,SRT-361136
Pabean Cantikan,Desa Pabean Cantikan Utara,80,4102287,328182960,2,B,2025,HGB,SRT-331792
Sukolilo,Lingkungan Sukolilo Barat,309,7298826,2255337234,1,A,2025,Belum Bersertifikat,
Dukuh Pakis,Desa Dukuh Pakis Utara,462,6784006,3134210772,2,B,2025,HGB,SRT-936204
Wonokromo,Lingkungan Wonokromo Barat,208,9747298,2027437984,1,A,2025,HGB,SRT-714307
Karang Pilang,Lingkungan Karang Pilang Utara,63,4912502,309487626,2,B,2025,SHM,SRT-470834
Wiyung,Kelurahan Wiyung Selatan,72,4834179,348060888,2,B,2025,Belum Bersertifikat,
Tegalsari,Lingkungan Tegalsari Selatan,416,11704048,4868883968,1,A,2025,Belum Bersertifikat,
Lakarsantri,Kelurahan Lakarsantri Kota,398,7179225,2857331550,1,A,2025,Belum Bersertifikat,
Sambikerep,Desa Sambikerep Selatan,329,8372270,2754476830,1,A,2025,SHM,SRT-571985
Genteng,Kelurahan Genteng Kota,210,10876346,2284032660,1,A,2025,SHM,SRT-883294
Wiyung,Desa Wiyung Indah,284,4872436,1383771824,2,B,2025,Belum Bersertifikat,
Wonocolo,Kelurahan Wonocolo Utara,323,9299885,3003862855,1,A,2025,HGB,SRT-359849
Bubutan,Kelurahan Bubutan Maju,55,4030211,221661605,2,B,2025,HGB,SRT-743580
Genteng,Kelurahan Genteng Selatan,114,9209507,1049883798,1,A,2025,HGB,SRT-840265
Gayungan,Kelurahan Gayungan Kota,164,6704007,1099457148,2,B,2025,SHM,SRT-912108
Gubeng,Kelurahan Gubeng Timur,464,7280305,3378061520,1,A,2025,Belum Bersertifikat,
Karang Pilang,Lingkungan Karang Pilang Indah,498,5486474,2732264052,2,B,2025,Belum Bersertifikat,
Tandes,Kelurahan Tandes Utara,466,7185875,3348617750,1,A,2025,Belum Bersertifikat,
Krembangan,Kelurahan Krembangan Indah,218,6055869,1320179442,2,B,2025,SHM,SRT-160294
Sukolilo,Lingkungan Sukolilo Utara,384,7852229,3015255936,1,A,2025,SHM,SRT-371103
Lakarsantri,Desa Lakarsantri Indah,296,11632670,3443270320,1,A,2025,HGB,SRT-483106
Lakarsantri,Desa Lakarsantri Barat,136,11210633,1524646088,1,A,2025,SHM,SRT-259806
Sukomanunggal,Lingkungan Sukomanunggal Maju,162,4406015,713774430,2,B,2025,Belum Bersertifikat,
Bubutan,Kelurahan Bubutan Indah,428,5584561,2390192108,2,B,2025,Belum Bersertifikat,
Jambangan,Kelurahan Jambangan Utara,82,5229101,428786282,2,B,2025,Belum Bersertifikat,
Sawahan,Kelurahan Sawahan Indah,79,6944628,548625612,2,B,2025,Belum Bersertifikat,
Dukuh Pakis,Desa Dukuh Pakis Utara,56,5490700,307479200,2,B,2025,HGB,SRT-778581
Mulyorejo,Lingkungan Mulyorejo Indah,375,8142186,3053319750,1,A,2025,Belum Bersertifikat,
Genteng,Lingkungan Genteng Utara,248,9921533,2460540184,1,A,2025,HGB,SRT-256729
Bubutan,Desa Bubutan Timur,431,6166628,2657816668,2,B,2025,SHM,SRT-872777
Jambangan,Kelurahan Jambangan Barat,196,6892930,1351014280,2,B,2025,HGB,SRT-656656
Semampir,Desa Semampir Utara,297,4115912,1222425864,2,B,2025,SHM,SRT-200033
Krembangan,Kelurahan Krembangan Selatan,312,4028310,1256832720,2,B,2025,HGB,SRT-534055
Sambikerep,Desa Sambikerep Barat,78,8194313,639156414,1,A,2025,HGB,SRT-645463
Dukuh Pakis,Kelurahan Dukuh Pakis Timur,444,6788859,3014253396,2,B,2025,SHM,SRT-687463
Sawahan,Kelurahan Sawahan Indah,435,6734470,2929494450,2,B,2025,Belum Bersertifikat,
Sukomanunggal,Desa Sukomanunggal Maju,455,6812928,3099882240,2,B,2025,SHM,SRT-439669
Wonokromo,Kelurahan Wonokromo Indah,377,8506865,3207088105,1,A,2025,HGB,SRT-952075
Kenjeran,Kelurahan Kenjeran Timur,480,5261935,2525728800,2,B,2025,SHM,SRT-265718
Genteng,Kelurahan Genteng Maju,269,10424562,2804207178,1,A,2025,SHM,SRT-885596
Karang Pilang,Lingkungan Karang Pilang Timur,129,4844313,624916377,2,B,2025,SHM,SRT-576947
Genteng,Lingkungan Genteng Utara,130,9877194,1284035220,1,A,2025,HGB,SRT-685982
Pakal,Kelurahan Pakal Selatan,59,11606192,684765328,1,A,2025,Belum Bersertifikat,
Sukomanunggal,Kelurahan Sukomanunggal Maju,441,6584763,2903880483,2,B,2025,HGB,SRT-830828
Sambikerep,Lingkungan Sambikerep Kota,312,9458375,2951013000,1,A,2025,Belum Bersertifikat,
Tandes,Kelurahan Tandes Indah,489,10419068,5094924252,1,A,2025,Belum Bersertifikat,
Tandes,Lingkungan Tandes Selatan,383,8026934,3074315722,1,A,2025,HGB,SRT-861073
Genteng,Lingkungan Genteng Utara,200,7076803,1415360600,1,A,2025,SHM,SRT-749461
Dukuh Pakis,Lingkungan Dukuh Pakis Indah,249,5661101,1409614149,2,B,2025,SHM,SRT-395274
Benowo,Kelurahan Benowo Barat,124,6632070,822376680,2,B,2025,SHM,SRT-554778
Dukuh Pakis,Kelurahan Dukuh Pakis Barat,91,6928356,630480396,2,B,2025,SHM,SRT-818057
Bubutan,Lingkungan Bubutan Barat,178,5090237,906062186,2,B,2025,SHM,SRT-398509
Asemrowo,Desa Asemrowo Maju,365,6921453,2526330345,2,B,2025,SHM,SRT-642664
Wonocolo,Desa Wonocolo Maju,202,8270989,1670739778,1,A,2025,HGB,SRT-183539
Dukuh Pakis,Desa Dukuh Pakis Indah,441,5108934,2253039894,2,B,2025,HGB,SRT-557402
Sukomanunggal,Lingkungan Sukomanunggal Barat,191,6685165,1276866515,2,B,2025,SHM,SRT-101412
Semampir,Desa Semampir Barat,367,4476635,1642925045,2,B,2025,SHM,SRT-910684
Bulak,Lingkungan Bulak Timur,440,5476555,2409684200,2,B,2025,HGB,SRT-730696
Sukolilo,Desa Sukolilo Kota,212,8308279,1761355148,1,A,2025,Belum Bersertifikat,
Wonokromo,Kelurahan Wonokromo Maju,207,10951708,2267003556,1,A,2025,HGB,SRT-715355
Wiyung,Lingkungan Wiyung Selatan,283,5043632,1427347856,2,B,2025,Belum Bersertifikat,
Prajuritkulon,Lingkungan Prajuritkulon Timur,333,4412640,1469409120,2,B,2025,HGB,SRT-924671
Kenjeran,Kelurahan Kenjeran Timur,366,6670928,2441559648,2,B,2025,Belum Bersertifikat,
Tegalsari,Lingkungan Tegalsari Kota,443,9751318,4319833874,1,A,2025,HGB,SRT-632459
Gayungan,Kelurahan Gayungan Indah,124,5051045,626329580,2,B,2025,HGB,SRT-834264
Lakarsantri,Lingkungan Lakarsantri Timur,280,11942699,3343955720,1,A,2025,SHM,SRT-585816
Wonokromo,Lingkungan Wonokromo Barat,471,7089362,3339089502,1,A,2025,Belum Bersertifikat,
Gubeng,Kelurahan Gubeng Utara,249,11140031,2773867719,1,A,2025,HGB,SRT-247575
Rungkut,Kelurahan Rungkut Barat,439,9253785,4062411615,1,A,2025,SHM,SRT-276598
Sukomanunggal,Kelurahan Sukomanunggal Utara,434,5619850,2439014900,2,B,2025,Belum Bersertifikat,
Tambaksari,Kelurahan Tambaksari Kota,143,10496765,1501037395,1,A,2025,HGB,SRT-455897
Rungkut,Desa Rungkut Utara,149,11209172,1670166628,1,A,2025,HGB,SRT-214856
Dukuh Pakis,Lingkungan Dukuh Pakis Maju,95,5749835,546234325,2,B,2025,Belum Bersertifikat,
Simokerto,Lingkungan Simokerto Barat,456,8193963,3736447128,1,A,2025,SHM,SRT-421849
Wonocolo,Lingkungan Wonocolo Maju,353,7107941,2509103173,1,A,2025,HGB,SRT-620844
Genteng,Desa Genteng Timur,398,10057608,4002927984,1,A,2025,SHM,SRT-856554
Genteng,Kelurahan Genteng Timur,121,8855589,1071526269,1,A,2025,SHM,SRT-937006
Wonokromo,Lingkungan Wonokromo Kota,364,9330779,3396403556,1,A,2025,HGB,SRT-359556
Tegalsari,Desa Tegalsari Timur,318,8184532,2602681176,1,A,2025,Belum Bersertifikat,
Semampir,Desa Semampir Timur,61,5719720,348902920,2,B,2025,HGB,SRT-146383
Sukolilo,Lingkungan Sukolilo Indah,146,8878012,1296189752,1,A,2025,SHM,SRT-872730
Sukolilo,Lingkungan Sukolilo Selatan,107,10019710,1072108970,1,A,2025,HGB,SRT-215572
Gubeng,Desa Gubeng Selatan,250,10232800,2558200000,1,A,2025,Belum Bersertifikat,
Wonokromo,Lingkungan Wonokromo Maju,108,10624755,1147473540,1,A,2025,Belum Bersertifikat,
Genteng,Kelurahan Genteng Indah,477,7991305,3811852485,1,A,2025,SHM,SRT-792205
Gayungan,Desa Gayungan Selatan,455,5611744,2553343520,2,B,2025,Belum Bersertifikat,
Dukuh Pakis,Kelurahan Dukuh Pakis Kota,69,5769585,398101365,2,B,2025,Belum Bersertifikat,
Dukuh Pakis,Desa Dukuh Pakis Selatan,488,5043833,2461390504,2,B,2025,SHM,SRT-776038
Gayungan,Lingkungan Gayungan Kota,351,5599551,1965442401,2,B,2025,HGB,SRT-119686
Karang Pilang,Desa Karang Pilang Timur,241,4477313,1079032433,2,B,2025,SHM,SRT-637793
Prajuritkulon,Lingkungan Prajuritkulon Selatan,268,4818375,1291324500,2,B,2025,SHM,SRT-926420
Gubeng,Lingkungan Gubeng Kota,294,8150544,2396259936,1,A,2025,Belum Bersertifikat,
Sukomanunggal,Desa Sukomanunggal Barat,284,4986645,1416207180,2,B,2025,Belum Bersertifikat,
Gubeng,Kelurahan Gubeng Indah,270,10665238,2879614260,1,A,2025,SHM,SRT-615837
Wonokromo,Desa Wonokromo Timur,384,8765264,3365861376,1,A,2025,SHM,SRT-863499
Kenjeran,Kelurahan Kenjeran Timur,494,4305155,2126746570,2,B,2025,HGB,SRT-771406
Lakarsantri,Desa Lakarsantri Indah,236,9521686,2247117896,1,A,2025,Belum Bersertifikat,
Asemrowo,Desa Asemrowo Indah,110,4557381,501311910,2,B,2025,SHM,SRT-196748
Jambangan,Desa Jambangan Kota,323,4996530,1613879190,2,B,2025,HGB,SRT-867024
Krembangan,Kelurahan Krembangan Maju,233,5614021,1308066893,2,B,2025,Belum Bersertifikat,
Mulyorejo,Kelurahan Mulyorejo Timur,315,8400473,2646148995,1,A,2025,Belum Bersertifikat,
Kenjeran,Kelurahan Kenjeran Kota,363,4010281,1455732003,2,B,2025,HGB,SRT-632905
Lakarsantri,Kelurahan Lakarsantri Selatan,53,9556391,506488723,1,A,2025,HGB,SRT-654783
Sambikerep,Lingkungan Sambikerep Kota,328,9227247,3026537016,1,A,2025,HGB,SRT-319184
Bubutan,Desa Bubutan Indah,369,6584491,2429677179,2,B,2025,HGB,SRT-718422
Lakarsantri,Desa Lakarsantri Barat,145,11295937,1637910865,1,A,2025,Belum Bersertifikat,
Lakarsantri,Lingkungan Lakarsantri Maju,186,11933937,2219712282,1,A,2025,HGB,SRT-919287
Kenjeran,Kelurahan Kenjeran Barat,454,6068988,2755320552,2,B,2025,HGB,SRT-735924
Wiyung,Lingkungan Wiyung Indah,94,6424808,603931952,2,B,2025,SHM,SRT-882309
Tegalsari,Desa Tegalsari Timur,101,11494279,1160922179,1,A,2025,Belum Bersertifikat,
Krembangan,Desa Krembangan Selatan,457,5438544,2485414608,2,B,2025,HGB,SRT-233118
Pabean Cantikan,Desa Pabean Cantikan Timur,228,5220582,1190292696,2,B,2025,SHM,SRT-488661
Karang Pilang,Kelurahan Karang Pilang Kota,268,6248893,1674703324,2,B,2025,HGB,SRT-611911
Jambangan,Kelurahan Jambangan Timur,451,4444374,2004412674,2,B,2025,SHM,SRT-779616
Pakal,Kelurahan Pakal Timur,445,7351083,3271231935,1,A,2025,Belum Bersertifikat,
Wonokromo,Lingkungan Wonokromo Selatan,90,11157076,1004136840,1,A,2025,SHM,SRT-552795
Mulyorejo,Desa Mulyorejo Indah,493,7232462,3565603766,1,A,2025,HGB,SRT-445602
Simokerto,Desa Simokerto Selatan,231,10181027,2351817237,1,A,2025,SHM,SRT-542148
Tegalsari,Kelurahan Tegalsari Utara,281,11204746,3148533626,1,A,2025,HGB,SRT-867593
Sambikerep,Desa Sambikerep Kota,256,7242766,1854148096,1,A,2025,Belum Bersertifikat,
Tegalsari,Desa Tegalsari Barat,87,11587609,1008121983,1,A,2025,HGB,SRT-366707
Jambangan,Kelurahan Jambangan Maju,448,4737356,2122335488,2,B,2025,HGB,SRT-116709
Asemrowo,Lingkungan Asemrowo Utara,412,6654445,2741631340,2,B,2025,HGB,SRT-585745
Sukolilo,Desa Sukolilo Maju,229,7667232,1755796128,1,A,2025,HGB,SRT-255556
Semampir,Desa Semampir Maju,78,5542463,432312114,2,B,2025,SHM,SRT-358823
Tegalsari,Kelurahan Tegalsari Kota,278,10570748,2938667944,1,A,2025,Belum Bersertifikat,
Mulyorejo,Kelurahan Mulyorejo Barat,331,7086745,2345712595,1,A,2025,Belum Bersertifikat,
Wiyung,Kelurahan Wiyung Maju,159,4502244,715856796,2,B,2025,SHM,SRT-346502
Lakarsantri,Lingkungan Lakarsantri Selatan,380,11059805,4202725900,1,A,2025,Belum Bersertifikat,
Krembangan,Kelurahan Krembangan Indah,69,5205561,359183709,2,B,2025,Belum Bersertifikat,
Krembangan,Lingkungan Krembangan Indah,137,5266591,721522967,2,B,2025,SHM,SRT-156393
Gunung Anyar,Desa Gunung Anyar Barat,390,11495593,4483281270,1,A,2025,SHM,SRT-714558
Bubutan,Lingkungan Bubutan Maju,61,5248209,320140749,2,B,2025,HGB,SRT-762388
Krembangan,Kelurahan Krembangan Utara,358,5223967,1870180186,2,B,2025,HGB,SRT-893874
Gunung Anyar,Lingkungan Gunung Anyar Utara,352,9000950,3168334400,1,A,2025,HGB,SRT-516559
Pakal,Kelurahan Pakal Utara,149,8182976,1219263424,1,A,2025,Belum Bersertifikat,
Kenjeran,Desa Kenjeran Timur,58,6392460,370762680,2,B,2025,HGB,SRT-909307
Tambaksari,Lingkungan Tambaksari Kota,268,11785576,3158534368,1,A,2025,Belum Bersertifikat,
Tegalsari,Kelurahan Tegalsari Maju,270,7771378,2098272060,1,A,2025,Belum Bersertifikat,
Benowo,Kelurahan Benowo Selatan,146,4445261,649008106,2,B,2025,Belum Bersertifikat,
Benowo,Kelurahan Benowo Maju,491,5350328,2627011048,2,B,2025,Belum Bersertifikat,
Dukuh Pakis,Kelurahan Dukuh Pakis Utara,410,6170520,2529913200,2,B,2025,Belum Bersertifikat,
Sukolilo,Kelurahan Sukolilo Barat,62,9628038,596938356,1,A,2025,Belum Bersertifikat,
Gubeng,Desa Gubeng Maju,132,9767681,1289333892,1,A,2025,Belum Bersertifikat,
Mulyorejo,Lingkungan Mulyorejo Kota,500,10393918,5196959000,1,A,2025,SHM,SRT-423251
Krembangan,Lingkungan Krembangan Barat,62,6114187,379079594,2,B,2025,HGB,SRT-567345
Tegalsari,Kelurahan Tegalsari Barat,329,8625113,2837662177,1,A,2025,SHM,SRT-940235
Mulyorejo,Desa Mulyorejo Barat,175,10278016,1798652800,1,A,2025,SHM,SRT-585768
Prajuritkulon,Lingkungan Prajuritkulon Indah,113,6671396,753867748,2,B,2025,HGB,SRT-101131
Wonocolo,Lingkungan Wonocolo Utara,318,9645826,3067372668,1,A,2025,HGB,SRT-759106
Gayungan,Lingkungan Gayungan Kota,472,4891722,2308892784,2,B,2025,HGB,SRT-231090
Mulyorejo,Kelurahan Mulyorejo Maju,225,7432486,1672309350,1,A,2025,Belum Bersertifikat,
Bubutan,Desa Bubutan Indah,89,5551727,494103703,2,B,2025,HGB,SRT-917655
Lakarsantri,Lingkungan Lakarsantri Maju,80,11165084,893206720,1,A,2025,Belum Bersertifikat,
Pabean Cantikan,Kelurahan Pabean Cantikan Barat,165,5245664,865534560,2,B,2025,SHM,SRT-347337
Pakal,Kelurahan Pakal Maju,434,8998886,3905516524,1,A,2025,SHM,SRT-828317
Wiyung,Kelurahan Wiyung Indah,323,4588875,1482206625,2,B,2025,HGB,SRT-401891
Benowo,Desa Benowo Selatan,207,4093527,847360089,2,B,2025,HGB,SRT-390836
Asemrowo,Desa Asemrowo Barat,173,5340545,923914285,2,B,2025,Belum Bersertifikat,
Kenjeran,Desa Kenjeran Timur,282,4654998,1312709436,2,B,2025,Belum Bersertifikat,
Sawahan,Kelurahan Sawahan Utara,442,6252345,2763536490,2,B,2025,HGB,SRT-330463
Wonocolo,Kelurahan Wonocolo Selatan,253,8927107,2258558071,1,A,2025,HGB,SRT-942286
Sukomanunggal,Lingkungan Sukomanunggal Indah,456,6134166,2797179696,2,B,2025,SHM,SRT-252414
Gunung Anyar,Kelurahan Gunung Anyar Barat,215,8347719,1794759585,1,A,2025,SHM,SRT-540305
Gubeng,Kelurahan Gubeng Selatan,309,7528951,2326445859,1,A,2025,SHM,SRT-849612
Semampir,Lingkungan Semampir Utara,97,4953195,480459915,2,B,2025,Belum Bersertifikat,
Rungkut,Lingkungan Rungkut Maju,245,7182992,1759833040,1,A,2025,SHM,SRT-406201
Asemrowo,Kelurahan Asemrowo Kota,378,4474766,1691461548,2,B,2025,Belum Bersertifikat,
Gubeng,Kelurahan Gubeng Timur,108,7406383,799889364,1,A,2025,SHM,SRT-581054
Semampir,Lingkungan Semampir Maju,360,6934662,2496478320,2,B,2025,SHM,SRT-942829
Sawahan,Lingkungan Sawahan Kota,408,6105965,2491233720,2,B,2025,Belum Bersertifikat,
Rungkut,Kelurahan Rungkut Utara,334,7738003,2584493002,1,A,2025,Belum Bersertifikat,
Sukomanunggal,Kelurahan Sukomanunggal Maju,240,5775892,1386214080,2,B,2025,Belum Bersertifikat,
Pabean Cantikan,Desa Pabean Cantikan Timur,380,5789930,2200173400,2,B,2025,HGB,SRT-887282
Prajuritkulon,Desa Prajuritkulon Maju,121,6354704,768919184,2,B,2025,HGB,SRT-293537
Dukuh Pakis,Lingkungan Dukuh Pakis Utara,348,6342150,2207068200,2,B,2025,HGB,SRT-478061
Lakarsantri,Kelurahan Lakarsantri Maju,302,10170707,3071553514,1,A,2025,SHM,SRT-999951
Sambikerep,Desa Sambikerep Maju,153,11241557,1719958221,1,A,2025,Belum Bersertifikat,
Tandes,Lingkungan Tandes Kota,140,10546722,1476541080,1,A,2025,Belum Bersertifikat,
Prajuritkulon,Lingkungan Prajuritkulon Barat,409,5816885,2379105965,2,B,2025,HGB,SRT-774396
Sukomanunggal,Desa Sukomanunggal Kota,213,4685945,998106285,2,B,2025,Belum Bersertifikat,
Gunung Anyar,Desa Gunung Anyar Indah,146,7610333,1111108618,1,A,2025,HGB,SRT-649316
Karang Pilang,Lingkungan Karang Pilang Indah,200,5506888,1101377600,2,B,2025,HGB,SRT-587662
Gayungan,Kelurahan Gayungan Selatan,313,5101606,1596802678,2,B,2025,HGB,SRT-568501
Sukomanunggal,Lingkungan Sukomanunggal Maju,106,5901228,625530168,2,B,2025,Belum Bersertifikat,
Bubutan,Lingkungan Bubutan Timur,129,5282644,681461076,2,B,2025,Belum Bersertifikat,
Prajuritkulon,Desa Prajuritkulon Maju,81,6521004,528201324,2,B,2025,Belum Bersertifikat,
Bulak,Kelurahan Bulak Utara,185,4147929,767366865,2,B,2025,Belum Bersertifikat,
Sawahan,Desa Sawahan Indah,204,4766851,972437604,2,B,2025,HGB,SRT-421278
Genteng,Desa Genteng Kota,279,11035450,3078890550,1,A,2025,Belum Bersertifikat,
Pabean Cantikan,Desa Pabean Cantikan Maju,321,4182075,1342446075,2,B,2025,HGB,SRT-672699
Pakal,Kelurahan Pakal Selatan,66,11994149,791613834,1,A,2025,Belum Bersertifikat,
Sawahan,Kelurahan Sawahan Barat,126,4939914,622429164,2,B,2025,HGB,SRT-454281
Karang Pilang,Kelurahan Karang Pilang Kota,114,4957469,565151466,2,B,2025,SHM,SRT-888912
Tandes,Lingkungan Tandes Indah,118,7512441,886468038,1,A,2025,HGB,SRT-775403
Tegalsari,Desa Tegalsari Maju,172,7142425,1228497100,1,A,2025,HGB,SRT-220187
Tegalsari,Lingkungan Tegalsari Selatan,317,8700898,2758184666,1,A,2025,HGB,SRT-448089
Mulyorejo,Desa Mulyorejo Kota,287,10201217,2927749279,1,A,2025,HGB,SRT-987323
Dukuh Pakis,Lingkungan Dukuh Pakis Kota,281,6298803,1769963643,2,B,2025,Belum Bersertifikat,
Gunung Anyar,Lingkungan Gunung Anyar Timur,276,7721843,2131228668,1,A,2025,Belum Bersertifikat,
Prajuritkulon,Lingkungan Prajuritkulon Timur,316,4482023,1416319268,2,B,2025,HGB,SRT-197722
Jambangan,Lingkungan Jambangan Utara,120,4640668,556880160,2,B,2025,SHM,SRT-796261
Gubeng,Lingkungan Gubeng Selatan,330,7292910,2406660300,1,A,2025,Belum Bersertifikat,
Pabean Cantikan,Kelurahan Pabean Cantikan Utara,155,4760540,737883700,2,B,2025,HGB,SRT-817700
Gayungan,Lingkungan Gayungan Utara,271,6224567,1686857657,2,B,2025,HGB,SRT-336748
Jambangan,Kelurahan Jambangan Utara,225,4548847,1023490575,2,B,2025,Belum Bersertifikat,
Tandes,Desa Tandes Kota,137,8040523,1101551651,1,A,2025,SHM,SRT-804286
Bubutan,Lingkungan Bubutan Kota,112,6268698,702094176,2,B,2025,SHM,SRT-347296
Karang Pilang,Kelurahan Karang Pilang Barat,335,6044609,2024944015,2,B,2025,SHM,SRT-714526
Pabean Cantikan,Desa Pabean Cantikan Selatan,104,5475006,569400624,2,B,2025,Belum Bersertifikat,
Tandes,Desa Tandes Selatan,267,10988915,2934040305,1,A,2025,Belum Bersertifikat,
Mulyorejo,Desa Mulyorejo Barat,376,11943785,4490863160,1,A,2025,Belum Bersertifikat,
Krembangan,Kelurahan Krembangan Utara,425,5270262,2239861350,2,B,2025,HGB,SRT-620877
Genteng,Lingkungan Genteng Kota,193,11944118,2305214774,1,A,2025,HGB,SRT-403287
Kenjeran,Kelurahan Kenjeran Kota,319,4064043,1296429717,2,B,2025,Belum Bersertifikat,
Sukolilo,Kelurahan Sukolilo Selatan,144,9101916,1310675904,1,A,2025,SHM,SRT-467505
Kenjeran,Desa Kenjeran Indah,215,6661009,1432116935,2,B,2025,HGB,SRT-873231
Rungkut,Desa Rungkut Indah,322,9946932,3202912104,1,A,2025,Belum Bersertifikat,
Sawahan,Desa Sawahan Selatan,357,4583830,1636427310,2,B,2025,HGB,SRT-854670
Gunung Anyar,Lingkungan Gunung Anyar Indah,286,9874105,2823994030,1,A,2025,HGB,SRT-766314
Tegalsari,Kelurahan Tegalsari Timur,146,11510716,1680564536,1,A,2025,SHM,SRT-294405
Asemrowo,Lingkungan Asemrowo Utara,210,6103119,1281654990,2,B,2025,SHM,SRT-994241
Tambaksari,Lingkungan Tambaksari Kota,298,11430604,3406319992,1,A,2025,HGB,SRT-747233
Genteng,Lingkungan Genteng Timur,407,7942169,3232462783,1,A,2025,Belum Bersertifikat,
Sukolilo,Kelurahan Sukolilo Barat,276,9660754,2666368104,1,A,2025,HGB,SRT-856029
Kenjeran,Desa Kenjeran Utara,422,5415065,2285157430,2,B,2025,HGB,SRT-340046
Tambaksari,Lingkungan Tambaksari Indah,96,7518678,721793088,1,A,2025,SHM,SRT-660637
Bubutan,Lingkungan Bubutan Barat,94,5027758,472609252,2,B,2025,SHM,SRT-418777
Bulak,Lingkungan Bulak Maju,432,5618008,2426979456,2,B,2025,HGB,SRT-259049
Krembangan,Desa Krembangan Utara,151,6933571,1046969221,2,B,2025,SHM,SRT-190387
Sukomanunggal,Desa Sukomanunggal Selatan,191,4747405,906754355,2,B,2025,HGB,SRT-286951
Kenjeran,Lingkungan Kenjeran Kota,52,4818809,250578068,2,B,2025,HGB,SRT-870972
Wonocolo,Lingkungan Wonocolo Timur,343,11112092,3811447556,1,A,2025,SHM,SRT-455101
Pakal,Lingkungan Pakal Barat,369,8251663,3044863647,1,A,2025,Belum Bersertifikat,
Rungkut,Kelurahan Rungkut Kota,138,8230011,1135741518,1,A,2025,SHM,SRT-501295
Sambikerep,Lingkungan Sambikerep Indah,396,8935099,3538299204,1,A,2025,HGB,SRT-224109
Wonocolo,Desa Wonocolo Indah,381,8853761,3373282941,1,A,2025,SHM,SRT-779564
Bubutan,Kelurahan Bubutan Indah,283,6715759,1900559797,2,B,2025,Belum Bersertifikat,
Bulak,Lingkungan Bulak Timur,338,6196343,2094363934,2,B,2025,HGB,SRT-300473
Pabean Cantikan,Lingkungan Pabean Cantikan Utara,158,6744493,1065629894,2,B,2025,SHM,SRT-889784
Pakal,Lingkungan Pakal Kota,498,11247311,5601160878,1,A,2025,SHM,SRT-729245
Wonocolo,Desa Wonocolo Barat,331,11151673,3691203763,1,A,2025,Belum Bersertifikat,
Krembangan,Kelurahan Krembangan Kota,430,4868551,2093476930,2,B,2025,HGB,SRT-856058
Wonocolo,Lingkungan Wonocolo Utara,394,9750521,3841705274,1,A,2025,HGB,SRT-898905
Semampir,Kelurahan Semampir Maju,205,6524887,1337601835,2,B,2025,HGB,SRT-170728
Tambaksari,Kelurahan Tambaksari Barat,131,8589633,1125241923,1,A,2025,HGB,SRT-963482
Genteng,Lingkungan Genteng Timur,74,11573188,856415912,1,A,2025,HGB,SRT-498644
Bubutan,Kelurahan Bubutan Kota,231,4648016,1073691696,2,B,2025,Belum Bersertifikat,
Tambaksari,Desa Tambaksari Barat,418,8859650,3703333700,1,A,2025,HGB,SRT-798547
Sukomanunggal,Kelurahan Sukomanunggal Indah,146,4505713,657834098,2,B,2025,HGB,SRT-122131
Wonocolo,Lingkungan Wonocolo Utara,438,9821465,4301801670,1,A,2025,HGB,SRT-943186
Benowo,Kelurahan Benowo Selatan,303,5757724,1744590372,2,B,2025,SHM,SRT-362276
Tegalsari,Desa Tegalsari Selatan,435,9804182,4264819170,1,A,2025,Belum Bersertifikat,
Wonocolo,Desa Wonocolo Timur,304,10134348,3080841792,1,A,2025,Belum Bersertifikat,
Jambangan,Kelurahan Jambangan Selatan,115,5433709,624876535,2,B,2025,SHM,SRT-227995
Prajuritkulon,Lingkungan Prajuritkulon Maju,260,6317888,1642650880,2,B,2025,SHM,SRT-788735
Rungkut,Desa Rungkut Utara,143,10570197,1511538171,1,A,2025,HGB,SRT-384899
Bubutan,Desa Bubutan Selatan,196,6738297,1320706212,2,B,2025,Belum Bersertifikat,
Tambaksari,Kelurahan Tambaksari Timur,179,9457698,1692927942,1,A,2025,SHM,SRT-110736
Kenjeran,Desa Kenjeran Maju,84,6683262,561394008,2,B,2025,Belum Bersertifikat,
Bubutan,Lingkungan Bubutan Utara,186,6113313,1137076218,2,B,2025,HGB,SRT-797666
Pakal,Desa Pakal Timur,257,11369989,2922087173,1,A,2025,Belum Bersertifikat,
Karang Pilang,Lingkungan Karang Pilang Timur,218,4639677,1011449586,2,B,2025,SHM,SRT-152040
Prajuritkulon,Kelurahan Prajuritkulon Utara,115,6772887,778882005,2,B,2025,SHM,SRT-485338
Sukomanunggal,Lingkungan Sukomanunggal Kota,423,6745203,2853220869,2,B,2025,SHM,SRT-752755
Wiyung,Desa Wiyung Utara,328,4231227,1387842456,2,B,2025,Belum Bersertifikat,
Bulak,Kelurahan Bulak Indah,496,6871228,3408129088,2,B,2025,SHM,SRT-536752
Tandes,Desa Tandes Utara,123,10956534,1347653682,1,A,2025,HGB,SRT-640934
Sukolilo,Desa Sukolilo Selatan,308,11685884,3599252272,1,A,2025,SHM,SRT-912033
Semampir,Desa Semampir Timur,361,4374890,1579335290,2,B,2025,HGB,SRT-492283
Gunung Anyar,Lingkungan Gunung Anyar Kota,66,7722562,509689092,1,A,2025,Belum Bersertifikat,
Gayungan,Lingkungan Gayungan Barat,65,6481969,421327985,2,B,2025,SHM,SRT-669498
Prajuritkulon,Kelurahan Prajuritkulon Maju,497,5685832,2825858504,2,B,2025,Belum Bersertifikat,
Bulak,Kelurahan Bulak Indah,405,6337761,2566793205,2,B,2025,Belum Bersertifikat,
Prajuritkulon,Lingkungan Prajuritkulon Barat,484,6866344,3323310496,2,B,2025,SHM,SRT-987104
Wiyung,Lingkungan Wiyung Barat,133,4826288,641896304,2,B,2025,HGB,SRT-319736
Pakal,Desa Pakal Indah,206,8514077,1753899862,1,A,2025,Belum Bersertifikat,
Mulyorejo,Lingkungan Mulyorejo Utara,355,7996192,2838648160,1,A,2025,Belum Bersertifikat,
Kenjeran,Desa Kenjeran Barat,87,6598370,574058190,2,B,2025,HGB,SRT-615459
Sambikerep,Lingkungan Sambikerep Maju,340,9651819,3281618460,1,A,2025,SHM,SRT-254824
Asemrowo,Desa Asemrowo Barat,254,5049685,1282619990,2,B,2025,Belum Bersertifikat,
Simokerto,Lingkungan Simokerto Utara,224,11598327,2598025248,1,A,2025,HGB,SRT-534046
Genteng,Lingkungan Genteng Utara,409,8313153,3400079577,1,A,2025,HGB,SRT-878172
Dukuh Pakis,Desa Dukuh Pakis Indah,135,4679647,631752345,2,B,2025,HGB,SRT-576470
Gayungan,Lingkungan Gayungan Utara,344,4918959,1692121896,2,B,2025,SHM,SRT-181616
Sambikerep,Kelurahan Sambikerep Utara,155,7699677,1193449935,1,A,2025,SHM,SRT-747207
Pabean Cantikan,Lingkungan Pabean Cantikan Selatan,202,6682235,1349811470,2,B,2025,Belum Bersertifikat,
Sukolilo,Kelurahan Sukolilo Utara,68,9591352,652211936,1,A,2025,SHM,SRT-200029
Pakal,Kelurahan Pakal Barat,284,8977198,2549524232,1,A,2025,SHM,SRT-752516
Mulyorejo,Lingkungan Mulyorejo Kota,351,8093451,2840801301,1,A,2025,HGB,SRT-367067
Wonocolo,Kelurahan Wonocolo Utara,209,11218325,2344629925,1,A,2025,SHM,SRT-621375
Genteng,Lingkungan Genteng Timur,266,9522430,2532966380,1,A,2025,Belum Bersertifikat,
Jambangan,Kelurahan Jambangan Barat,114,4004393,456500802,2,B,2025,Belum Bersertifikat,
Dukuh Pakis,Kelurahan Dukuh Pakis Timur,407,4497230,1830372610,2,B,2025,SHM,SRT-374786
Lakarsantri,Desa Lakarsantri Indah,331,10217364,3381947484,1,A,2025,HGB,SRT-437333
Tandes,Lingkungan Tandes Maju,338,9870142,3336107996,1,A,2025,HGB,SRT-116201
Pakal,Desa Pakal Indah,371,8751425,3246778675,1,A,2025,HGB,SRT-563682
Karang Pilang,Desa Karang Pilang Kota,67,5657404,379046068,2,B,2025,HGB,SRT-735976
Sukolilo,Kelurahan Sukolilo Indah,107,11986611,1282567377,1,A,2025,HGB,SRT-923205
Sawahan,Desa Sawahan Indah,308,6810450,2097618600,2,B,2025,SHM,SRT-200192
Karang Pilang,Kelurahan Karang Pilang Barat,271,6464507,1751881397,2,B,2025,SHM,SRT-946037
Wiyung,Lingkungan Wiyung Selatan,321,4006731,1286160651,2,B,2025,HGB,SRT-976673
Wiyung,Kelurahan Wiyung Selatan,369,4241051,1564947819,2,B,2025,SHM,SRT-889905
Sukomanunggal,Lingkungan Sukomanunggal Utara,422,5439569,2295498118,2,B,2025,SHM,SRT-966605
Pakal,Kelurahan Pakal Kota,90,11696226,1052660340,1,A,2025,SHM,SRT-132590
Kenjeran,Lingkungan Kenjeran Indah,194,5934533,1151299402,2,B,2025,Belum Bersertifikat,
Tambaksari,Desa Tambaksari Barat,330,8442680,2786084400,1,A,2025,HGB,SRT-809554
Mulyorejo,Kelurahan Mulyorejo Maju,361,11130376,4018065736,1,A,2025,SHM,SRT-145338
Dukuh Pakis,Desa Dukuh Pakis Barat,241,6299173,1518100693,2,B,2025,Belum Bersertifikat,
Pabean Cantikan,Lingkungan Pabean Cantikan Selatan,210,4383004,920430840,2,B,2025,Belum Bersertifikat,
Gayungan,Desa Gayungan Timur,86,6386321,549223606,2,B,2025,SHM,SRT-139929
Sawahan,Lingkungan Sawahan Kota,228,6895907,1572266796,2,B,2025,HGB,SRT-804697
Bulak,Desa Bulak Maju,319,4365665,1392647135,2,B,2025,Belum Bersertifikat,
Semampir,Lingkungan Semampir Barat,267,6831044,1823888748,2,B,2025,SHM,SRT-975970
Sukomanunggal,Lingkungan Sukomanunggal Maju,312,4750405,1482126360,2,B,2025,Belum Bersertifikat,
Bubutan,Desa Bubutan Maju,459,4774822,2191643298,2,B,2025,HGB,SRT-194568
Rungkut,Desa Rungkut Selatan,118,10836692,1278729656,1,A,2025,HGB,SRT-730442
Simokerto,Lingkungan Simokerto Indah,52,10727704,557840608,1,A,2025,SHM,SRT-668334
Asemrowo,Desa Asemrowo Barat,303,5340623,1618208769,2,B,2025,SHM,SRT-281531
Pakal,Desa Pakal Indah,157,11174762,1754437634,1,A,2025,Belum Bersertifikat,
Bulak,Desa Bulak Selatan,201,4505317,905568717,2,B,2025,HGB,SRT-181065
Prajuritkulon,Lingkungan Prajuritkulon Kota,92,6762068,622110256,2,B,2025,HGB,SRT-762798
Bubutan,Desa Bubutan Barat,230,6217145,1429943350,2,B,2025,Belum Bersertifikat,
Wonokromo,Lingkungan Wonokromo Timur,357,8890793,3174013101,1,A,2025,HGB,SRT-668351
Tambaksari,Desa Tambaksari Selatan,113,7707660,870965580,1,A,2025,HGB,SRT-897514
Pakal,Lingkungan Pakal Kota,463,11516028,5331920964,1,A,2025,SHM,SRT-149047
Gayungan,Desa Gayungan Kota,309,5664291,1750265919,2,B,2025,HGB,SRT-535709
Bulak,Kelurahan Bulak Maju,103,4783538,492704414,2,B,2025,SHM,SRT-769001
Gayungan,Desa Gayungan Selatan,221,4855435,1073051135,2,B,2025,Belum Bersertifikat,
Asemrowo,Kelurahan Asemrowo Kota,196,4422082,866728072,2,B,2025,HGB,SRT-319922
Jambangan,Lingkungan Jambangan Barat,65,4058164,263780660,2,B,2025,Belum Bersertifikat,
Krembangan,Desa Krembangan Kota,286,6718810,1921579660,2,B,2025,Belum Bersertifikat,
Benowo,Desa Benowo Maju,55,5000060,275003300,2,B,2025,SHM,SRT-400350
Sukomanunggal,Desa Sukomanunggal Selatan,458,5221955,2391655390,2,B,2025,Belum Bersertifikat,
Bulak,Lingkungan Bulak Utara,491,4689490,2302539590,2,B,2025,HGB,SRT-675458
Gubeng,Lingkungan Gubeng Utara,448,9178903,4112148544,1,A,2025,Belum Bersertifikat,
Dukuh Pakis,Lingkungan Dukuh Pakis Kota,309,4695048,1450769832,2,B,2025,Belum Bersertifikat,
Dukuh Pakis,Lingkungan Dukuh Pakis Barat,346,4723180,1634220280,2,B,2025,SHM,SRT-811380
Gunung Anyar,Kelurahan Gunung Anyar Indah,373,9700980,3618465540,1,A,2025,SHM,SRT-200495
Tambaksari,Lingkungan Tambaksari Utara,129,9296808,1199288232,1,A,2025,HGB,SRT-261602
Gayungan,Desa Gayungan Kota,133,5537201,736447733,2,B,2025,SHM,SRT-371101
Jambangan,Kelurahan Jambangan Barat,466,6365183,2966175278,2,B,2025,SHM,SRT-628376
Tandes,Lingkungan Tandes Kota,456,11567548,5274801888,1,A,2025,HGB,SRT-932350
Gubeng,Desa Gubeng Timur,165,9414499,1553392335,1,A,2025,HGB,SRT-630681
Pakal,Desa Pakal Kota,485,9244861,4483757585,1,A,2025,Belum Bersertifikat,
Wonokromo,Lingkungan Wonokromo Maju,371,8830317,3276047607,1,A,2025,SHM,SRT-302343
Genteng,Lingkungan Genteng Indah,176,11869126,2088966176,1,A,2025,SHM,SRT-160418
Benowo,Kelurahan Benowo Selatan,437,4153015,1814867555,2,B,2025,Belum Bersertifikat,
Tegalsari,Lingkungan Tegalsari Barat,441,11320848,4992493968,1,A,2025,Belum Bersertifikat,
Bulak,Lingkungan Bulak Utara,97,6822804,661811988,2,B,2025,SHM,SRT-130305
Sawahan,Kelurahan Sawahan Indah,68,5905270,401558360,2,B,2025,SHM,SRT-169793
Rungkut,Desa Rungkut Timur,346,8254460,2856043160,1,A,2025,SHM,SRT-447620
Gayungan,Lingkungan Gayungan Utara,228,4822498,1099529544,2,B,2025,SHM,SRT-478827
Prajuritkulon,Kelurahan Prajuritkulon Indah,486,5397645,2623255470,2,B,2025,Belum Bersertifikat,
Gayungan,Lingkungan Gayungan Kota,416,4769464,1984097024,2,B,2025,Belum Bersertifikat,
Prajuritkulon,Lingkungan Prajuritkulon Indah,173,4787727,828276771,2,B,2025,Belum Bersertifikat,
Tegalsari,Desa Tegalsari Selatan,161,11047004,1778567644,1,A,2025,HGB,SRT-599562
Pakal,Desa Pakal Timur,82,8410513,689662066,1,A,2025,HGB,SRT-918538
Semampir,Desa Semampir Selatan,136,6348299,863368664,2,B,2025,SHM,SRT-615474
Jambangan,Lingkungan Jambangan Selatan,152,5079657,772107864,2,B,2025,Belum Bersertifikat,
Mulyorejo,Lingkungan Mulyorejo Maju,415,7299870,3029446050,1,A,2025,Belum Bersertifikat,
Lakarsantri,Lingkungan Lakarsantri Selatan,331,7892543,2612431733,1,A,2025,Belum Bersertifikat,
Bulak,Lingkungan Bulak Timur,247,4680172,1156002484,2,B,2025,HGB,SRT-245662
Semampir,Lingkungan Semampir Timur,275,5704544,1568749600,2,B,2025,Belum Bersertifikat,
Simokerto,Desa Simokerto Maju,367,9324071,3421934057,1,A,2025,Belum Bersertifikat,
Krembangan,Desa Krembangan Utara,275,5998512,1649590800,2,B,2025,Belum Bersertifikat,
Prajuritkulon,Desa Prajuritkulon Selatan,113,5875304,663909352,2,B,2025,Belum Bersertifikat,
Karang Pilang,Kelurahan Karang Pilang Barat,176,6355650,1118594400,2,B,2025,HGB,SRT-412032
Gubeng,Kelurahan Gubeng Indah,314,9149904,2873069856,1,A,2025,SHM,SRT-344769
Gayungan,Desa Gayungan Maju,157,6317800,991894600,2,B,2025,SHM,SRT-884353
Gunung Anyar,Lingkungan Gunung Anyar Selatan,430,10531494,4528542420,1,A,2025,HGB,SRT-440677
Prajuritkulon,Lingkungan Prajuritkulon Timur,364,6711726,2443068264,2,B,2025,SHM,SRT-107053
Gayungan,Lingkungan Gayungan Utara,220,5515624,1213437280,2,B,2025,Belum Bersertifikat,
Pakal,Lingkungan Pakal Kota,138,10966310,1513350780,1,A,2025,SHM,SRT-473440
Gayungan,Lingkungan Gayungan Selatan,263,6651495,1749343185,2,B,2025,HGB,SRT-614906
Sukolilo,Lingkungan Sukolilo Maju,273,8760672,2391663456,1,A,2025,SHM,SRT-407426
Wiyung,Desa Wiyung Timur,326,4938025,1609796150,2,B,2025,SHM,SRT-245045
Tegalsari,Kelurahan Tegalsari Kota,452,11003635,4973643020,1,A,2025,HGB,SRT-428592
Lakarsantri,Kelurahan Lakarsantri Utara,65,9101001,591565065,1,A,2025,SHM,SRT-784458
Dukuh Pakis,Kelurahan Dukuh Pakis Indah,330,6296653,2077895490,2,B,2025,SHM,SRT-436539
Simokerto,Kelurahan Simokerto Maju,138,10372193,1431362634,1,A,2025,HGB,SRT-976715
Rungkut,Lingkungan Rungkut Barat,395,9887908,3905723660,1,A,2025,SHM,SRT-644053
Mulyorejo,Lingkungan Mulyorejo Selatan,201,7043132,1415669532,1,A,2025,Belum Bersertifikat,
Tambaksari,Kelurahan Tambaksari Indah,468,8093851,3787922268,1,A,2025,Belum Bersertifikat,
Prajuritkulon,Lingkungan Prajuritkulon Utara,177,4491576,795008952,2,B,2025,HGB,SRT-393175
Semampir,Lingkungan Semampir Barat,299,4218427,1261309673,2,B,2025,HGB,SRT-320241
Simokerto,Kelurahan Simokerto Utara,470,11314668,5317893960,1,A,2025,HGB,SRT-626666
Bulak,Lingkungan Bulak Indah,206,4528571,932885626,2,B,2025,HGB,SRT-754746
Gunung Anyar,Lingkungan Gunung Anyar Barat,76,11767042,894295192,1,A,2025,Belum Bersertifikat,
Karang Pilang,Lingkungan Karang Pilang Indah,253,6200159,1568640227,2,B,2025,Belum Bersertifikat,
Tambaksari,Kelurahan Tambaksari Indah,55,7651697,420843335,1,A,2025,HGB,SRT-776387
Tambaksari,Desa Tambaksari Maju,121,11786546,1426172066,1,A,2025,HGB,SRT-718884
Gubeng,Kelurahan Gubeng Selatan,496,10312340,5114920640,1,A,2025,HGB,SRT-767746
Lakarsantri,Desa Lakarsantri Indah,186,10178201,1893145386,1,A,2025,SHM,SRT-912687
Wonokromo,Kelurahan Wonokromo Indah,344,10029478,3450140432,1,A,2025,Belum Bersertifikat,
Wonokromo,Desa Wonokromo Kota,130,9310201,1210326130,1,A,2025,Belum Bersertifikat,
Tegalsari,Kelurahan Tegalsari Selatan,378,9477512,3582499536,1,A,2025,SHM,SRT-596484
Gayungan,Kelurahan Gayungan Indah,372,6528378,2428556616,2,B,2025,Belum Bersertifikat,
Benowo,Kelurahan Benowo Utara,443,5143651,2278637393,2,B,2025,Belum Bersertifikat,
Pabean Cantikan,Desa Pabean Cantikan Indah,301,6813203,2050774103,2,B,2025,Belum Bersertifikat,
Prajuritkulon,Kelurahan Prajuritkulon Utara,314,5028939,1579086846,2,B,2025,Belum Bersertifikat,
Asemrowo,Kelurahan Asemrowo Selatan,182,6187870,1126192340,2,B,2025,Belum Bersertifikat,
Tegalsari,Lingkungan Tegalsari Utara,478,10803334,5163993652,1,A,2025,SHM,SRT-779207
Sawahan,Kelurahan Sawahan Timur,62,4532496,281014752,2,B,2025,HGB,SRT-718872
Wonokromo,Kelurahan Wonokromo Timur,491,11128930,5464304630,1,A,2025,Belum Bersertifikat,
Bulak,Desa Bulak Selatan,393,5242437,2060277741,2,B,2025,HGB,SRT-180811
Gubeng,Lingkungan Gubeng Utara,155,8665556,1343161180,1,A,2025,SHM,SRT-458418
Pakal,Lingkungan Pakal Barat,302,7356153,2221558206,1,A,2025,Belum Bersertifikat,
Jambangan,Lingkungan Jambangan Utara,228,5315488,1211931264,2,B,2025,Belum Bersertifikat,
Benowo,Desa Benowo Utara,210,6392298,1342382580,2,B,2025,HGB,SRT-864516
Sukomanunggal,Lingkungan Sukomanunggal Selatan,437,6506938,2843531906,2,B,2025,Belum Bersertifikat,
Bulak,Desa Bulak Indah,358,6272158,2245432564,2,B,2025,HGB,SRT-182792
Simokerto,Lingkungan Simokerto Selatan,116,11234309,1303179844,1,A,2025,SHM,SRT-758037
Simokerto,Desa Simokerto Utara,333,8613522,2868302826,1,A,2025,HGB,SRT-848585
Tegalsari,Kelurahan Tegalsari Kota,120,8875720,1065086400,1,A,2025,SHM,SRT-748391
Karang Pilang,Desa Karang Pilang Selatan,228,6792821,1548763188,2,B,2025,SHM,SRT-595450
Benowo,Kelurahan Benowo Selatan,235,5057252,1188454220,2,B,2025,HGB,SRT-335371
Gayungan,Lingkungan Gayungan Timur,430,6359891,2734753130,2,B,2025,HGB,SRT-241269
Karang Pilang,Kelurahan Karang Pilang Utara,72,6299027,453529944,2,B,2025,Belum Bersertifikat,
Benowo,Kelurahan Benowo Maju,265,5250533,1391391245,2,B,2025,Belum Bersertifikat,
Pakal,Lingkungan Pakal Utara,150,9429440,1414416000,1,A,2025,Belum Bersertifikat,
Sambikerep,Kelurahan Sambikerep Utara,234,8285633,1938838122,1,A,2025,Belum Bersertifikat,
Sambikerep,Kelurahan Sambikerep Timur,271,9681642,2623724982,1,A,2025,SHM,SRT-253755
Bulak,Kelurahan Bulak Kota,234,5805756,1358546904,2,B,2025,Belum Bersertifikat,
Pakal,Desa Pakal Timur,343,10429931,3577466333,1,A,2025,HGB,SRT-756340
Bubutan,Desa Bubutan Timur,248,5962056,1478589888,2,B,2025,SHM,SRT-450328
Wonocolo,Desa Wonocolo Timur,246,11518815,2833628490,1,A,2025,SHM,SRT-654229
Wonokromo,Desa Wonokromo Timur,464,11025253,5115717392,1,A,2025,Belum Bersertifikat,
Sambikerep,Lingkungan Sambikerep Kota,343,8744450,2999346350,1,A,2025,SHM,SRT-279148
Rungkut,Desa Rungkut Utara,316,11608449,3668269884,1,A,2025,HGB,SRT-859626
Bulak,Kelurahan Bulak Barat,451,5846185,2636629435,2,B,2025,Belum Bersertifikat,
Kenjeran,Desa Kenjeran Utara,226,4857465,1097787090,2,B,2025,HGB,SRT-705243
Bulak,Kelurahan Bulak Indah,356,6798927,2420418012,2,B,2025,SHM,SRT-675152
Asemrowo,Desa Asemrowo Selatan,289,6182122,1786633258,2,B,2025,HGB,SRT-110123
Jambangan,Desa Jambangan Indah,126,5272610,664348860,2,B,2025,HGB,SRT-713247
Lakarsantri,Desa Lakarsantri Maju,241,8135889,1960749249,1,A,2025,HGB,SRT-539822
Sukolilo,Desa Sukolilo Maju,152,9309918,1415107536,1,A,2025,HGB,SRT-823575
Lakarsantri,Kelurahan Lakarsantri Selatan,262,9428883,2470367346,1,A,2025,HGB,SRT-644958
Benowo,Desa Benowo Indah,214,4036575,863827050,2,B,2025,HGB,SRT-840691
Bulak,Lingkungan Bulak Timur,461,6776063,3123765043,2,B,2025,HGB,SRT-979772
Benowo,Kelurahan Benowo Utara,80,4520903,361672240,2,B,2025,Belum Bersertifikat,
Kenjeran,Desa Kenjeran Selatan,192,5621786,1079382912,2,B,2025,SHM,SRT-201016
Wonocolo,Lingkungan Wonocolo Kota,391,10204850,3990096350,1,A,2025,SHM,SRT-134620
Krembangan,Desa Krembangan Selatan,276,4292064,1184609664,2,B,2025,HGB,SRT-382944
Bulak,Lingkungan Bulak Indah,167,4826805,806076435,2,B,2025,SHM,SRT-787326
Pakal,Desa Pakal Kota,80,8504225,680338000,1,A,2025,SHM,SRT-865751
Pakal,Desa Pakal Selatan,441,10406870,4589429670,1,A,2025,Belum Bersertifikat,
Tambaksari,Lingkungan Tambaksari Indah,116,9187441,1065743156,1,A,2025,SHM,SRT-956239
Sukolilo,Kelurahan Sukolilo Barat,118,8645601,1020180918,1,A,2025,HGB,SRT-577570
Gayungan,Lingkungan Gayungan Barat,304,4086836,1242398144,2,B,2025,Belum Bersertifikat,
Prajuritkulon,Lingkungan Prajuritkulon Indah,231,4705596,1086992676,2,B,2025,Belum Bersertifikat,
Lakarsantri,Lingkungan Lakarsantri Maju,194,9279039,1800133566,1,A,2025,SHM,SRT-993709
Jambangan,Kelurahan Jambangan Utara,165,4005463,660901395,2,B,2025,SHM,SRT-168643
Tegalsari,Desa Tegalsari Timur,94,9464467,889659898,1,A,2025,HGB,SRT-490161
Pakal,Kelurahan Pakal Barat,109,10778308,1174835572,1,A,2025,HGB,SRT-596119
Semampir,Lingkungan Semampir Kota,396,5191834,2055966264,2,B,2025,Belum Bersertifikat,
Tegalsari,Kelurahan Tegalsari Selatan,441,7136070,3147006870,1,A,2025,Belum Bersertifikat,
Sukomanunggal,Desa Sukomanunggal Utara,239,6121989,1463155371,2,B,2025,Belum Bersertifikat,
Asemrowo,Kelurahan Asemrowo Timur,57,4905106,279591042,2,B,2025,SHM,SRT-709894
Prajuritkulon,Lingkungan Prajuritkulon Maju,389,5977246,2325148694,2,B,2025,HGB,SRT-735644
Lakarsantri,Kelurahan Lakarsantri Kota,263,8187613,2153342219,1,A,2025,HGB,SRT-286055
Pabean Cantikan,Kelurahan Pabean Cantikan Maju,117,5145667,602043039,2,B,2025,Belum Bersertifikat,
Sambikerep,Desa Sambikerep Maju,118,11863854,1399934772,1,A,2025,HGB,SRT-685821
Jambangan,Kelurahan Jambangan Indah,53,4154781,220203393,2,B,2025,Belum Bersertifikat,
Tambaksari,Kelurahan Tambaksari Barat,59,10539411,621825249,1,A,2025,HGB,SRT-396302
Gayungan,Kelurahan Gayungan Selatan,63,6442134,405854442,2,B,2025,SHM,SRT-979640
Bulak,Lingkungan Bulak Timur,432,5882708,2541329856,2,B,2025,Belum Bersertifikat,
Bulak,Lingkungan Bulak Barat,137,4475911,613199807,2,B,2025,HGB,SRT-518907
Rungkut,Desa Rungkut Utara,281,11206899,3149138619,1,A,2025,HGB,SRT-784028
Pabean Cantikan,Desa Pabean Cantikan Kota,191,5737317,1095827547,2,B,2025,HGB,SRT-889482
Tandes,Desa Tandes Barat,261,10351193,2701661373,1,A,2025,HGB,SRT-931682
Mulyorejo,Desa Mulyorejo Barat,190,10058324,1911081560,1,A,2025,Belum Bersertifikat,
Mulyorejo,Desa Mulyorejo Indah,482,9001158,4338558156,1,A,2025,Belum Bersertifikat,
Lakarsantri,Lingkungan Lakarsantri Indah,403,11835330,4769637990,1,A,2025,SHM,SRT-320154
Sawahan,Desa Sawahan Timur,443,6700589,2968360927,2,B,2025,Belum Bersertifikat,
Wiyung,Kelurahan Wiyung Indah,184,4729555,870238120,2,B,2025,SHM,SRT-551601
Kenjeran,Desa Kenjeran Selatan,254,6026373,1530698742,2,B,2025,Belum Bersertifikat,
Gubeng,Desa Gubeng Selatan,443,11888892,5266779156,1,A,2025,HGB,SRT-724435
Sambikerep,Desa Sambikerep Maju,428,9979125,4271065500,1,A,2025,HGB,SRT-515446
Tegalsari,Lingkungan Tegalsari Utara,58,11842801,686882458,1,A,2025,SHM,SRT-699167
Semampir,Lingkungan Semampir Kota,395,5553534,2193645930,2,B,2025,SHM,SRT-195088
Benowo,Lingkungan Benowo Selatan,433,6968508,3017363964,2,B,2025,HGB,SRT-350026
Dukuh Pakis,Lingkungan Dukuh Pakis Selatan,85,5808699,493739415,2,B,2025,HGB,SRT-638160
Benowo,Desa Benowo Indah,480,6403833,3073839840,2,B,2025,HGB,SRT-343875
Gunung Anyar,Lingkungan Gunung Anyar Indah,181,9556290,1729688490,1,A,2025,Belum Bersertifikat,
Lakarsantri,Lingkungan Lakarsantri Indah,188,8036385,1510840380,1,A,2025,SHM,SRT-446513
Prajuritkulon,Desa Prajuritkulon Indah,231,6569053,1517451243,2,B,2025,Belum Bersertifikat,
Bulak,Kelurahan Bulak Kota,445,4279027,1904167015,2,B,2025,HGB,SRT-718678
Rungkut,Lingkungan Rungkut Selatan,214,8604365,1841334110,1,A,2025,Belum Bersertifikat,
Sawahan,Kelurahan Sawahan Selatan,402,6286876,2527324152,2,B,2025,Belum Bersertifikat,
Sawahan,Desa Sawahan Utara,390,5976213,2330723070,2,B,2025,Belum Bersertifikat,
Bulak,Kelurahan Bulak Barat,369,6238894,2302151886,2,B,2025,HGB,SRT-538375
Benowo,Lingkungan Benowo Utara,281,5266509,1479889029,2,B,2025,Belum Bersertifikat,
Prajuritkulon,Kelurahan Prajuritkulon Selatan,166,4219205,700388030,2,B,2025,SHM,SRT-143236
Gunung Anyar,Kelurahan Gunung Anyar Kota,87,11349356,987393972,1,A,2025,Belum Bersertifikat,
Pakal,Lingkungan Pakal Barat,89,11202217,996997313,1,A,2025,SHM,SRT-170295
Karang Pilang,Desa Karang Pilang Kota,402,4167135,1675188270,2,B,2025,SHM,SRT-555311
Lakarsantri,Kelurahan Lakarsantri Timur,334,11027468,3683174312,1,A,2025,Belum Bersertifikat,
Sambikerep,Lingkungan Sambikerep Barat,86,10473439,900715754,1,A,2025,HGB,SRT-605668
Sawahan,Lingkungan Sawahan Timur,252,6532994,1646314488,2,B,2025,SHM,SRT-929069
Tambaksari,Desa Tambaksari Utara,192,7972463,1530712896,1,A,2025,SHM,SRT-892395
Gunung Anyar,Kelurahan Gunung Anyar Maju,131,10454720,1369568320,1,A,2025,SHM,SRT-761833
Sukolilo,Kelurahan Sukolilo Kota,345,8244948,2844507060,1,A,2025,HGB,SRT-564081
Pakal,Desa Pakal Maju,388,7165000,2780020000,1,A,2025,Belum Bersertifikat,
Sukomanunggal,Desa Sukomanunggal Utara,50,6511565,325578250,2,B,2025,SHM,SRT-413857
Tambaksari,Lingkungan Tambaksari Maju,181,9886965,1789540665,1,A,2025,SHM,SRT-648963
Sawahan,Lingkungan Sawahan Selatan,351,5324504,1868900904,2,B,2025,SHM,SRT-755787
Semampir,Desa Semampir Barat,127,5764364,732074228,2,B,2025,HGB,SRT-990581
Simokerto,Desa Simokerto Kota,342,10423669,3564894798,1,A,2025,Belum Bersertifikat,
Tandes,Desa Tandes Selatan,352,7413288,2609477376,1,A,2025,Belum Bersertifikat,
Simokerto,Lingkungan Simokerto Utara,306,11350449,3473237394,1,A,2025,Belum Bersertifikat,
Sambikerep,Kelurahan Sambikerep Kota,171,10640716,1819562436,1,A,2025,HGB,SRT-905823
Bubutan,Kelurahan Bubutan Kota,375,5125028,1921885500,2,B,2025,Belum Bersertifikat,
Tambaksari,Desa Tambaksari Kota,290,11976970,3473321300,1,A,2025,SHM,SRT-728019
Tegalsari,Kelurahan Tegalsari Selatan,178,9377688,1669228464,1,A,2025,SHM,SRT-206425
Gayungan,Desa Gayungan Barat,100,4519739,451973900,2,B,2025,Belum Bersertifikat,
Tambaksari,Kelurahan Tambaksari Selatan,392,10398274,4076123408,1,A,2025,SHM,SRT-752304
Karang Pilang,Desa Karang Pilang Barat,261,4112111,1073260971,2,B,2025,SHM,SRT-125097
Prajuritkulon,Desa Prajuritkulon Utara,359,5149821,1848785739,2,B,2025,HGB,SRT-931890
Sukolilo,Desa Sukolilo Maju,333,8918290,2969790570,1,A,2025,Belum Bersertifikat,
Gubeng,Lingkungan Gubeng Selatan,178,7294431,1298408718,1,A,2025,Belum Bersertifikat,
Rungkut,Kelurahan Rungkut Kota,156,7311366,1140573096,1,A,2025,SHM,SRT-621341
Gunung Anyar,Desa Gunung Anyar Barat,263,10271299,2701351637,1,A,2025,HGB,SRT-645326
Simokerto,Kelurahan Simokerto Utara,116,9331071,1082404236,1,A,2025,Belum Bersertifikat,
Gayungan,Lingkungan Gayungan Timur,149,5865417,873947133,2,B,2025,SHM,SRT-501867
Gubeng,Kelurahan Gubeng Indah,500,11249491,5624745500,1,A,2025,SHM,SRT-329797
Bulak,Lingkungan Bulak Utara,486,4563579,2217899394,2,B,2025,Belum Bersertifikat,
Bulak,Lingkungan Bulak Kota,357,5761637,2056904409,2,B,2025,SHM,SRT-187450
Prajuritkulon,Desa Prajuritkulon Timur,361,5213869,1882206709,2,B,2025,Belum Bersertifikat,
Kenjeran,Desa Kenjeran Maju,496,6469038,3208642848,2,B,2025,HGB,SRT-450370
Bubutan,Desa Bubutan Maju,486,6868345,3338015670,2,B,2025,SHM,SRT-431238
Asemrowo,Lingkungan Asemrowo Indah,203,6518180,1323190540,2,B,2025,Belum Bersertifikat,
Asemrowo,Desa Asemrowo Kota,88,5602066,492981808,2,B,2025,SHM,SRT-486077
Rungkut,Lingkungan Rungkut Kota,63,9529387,600351381,1,A,2025,Belum Bersertifikat,
Asemrowo,Kelurahan Asemrowo Maju,76,6546164,497508464,2,B,2025,SHM,SRT-580774
Kenjeran,Desa Kenjeran Maju,244,4185169,1021181236,2,B,2025,HGB,SRT-656970
Dukuh Pakis,Desa Dukuh Pakis Indah,247,6635750,1639030250,2,B,2025,SHM,SRT-286335
Bubutan,Lingkungan Bubutan Kota,377,4270414,1609946078,2,B,2025,SHM,SRT-437565
Wonocolo,Desa Wonocolo Maju,448,10496795,4702564160,1,A,2025,HGB,SRT-936028
Kenjeran,Lingkungan Kenjeran Selatan,442,5333593,2357448106,2,B,2025,HGB,SRT-275533
Tandes,Desa Tandes Selatan,56,9006735,504377160,1,A,2025,Belum Bersertifikat,
Wonocolo,Kelurahan Wonocolo Kota,173,11158802,1930472746,1,A,2025,SHM,SRT-254349
Wonocolo,Kelurahan Wonocolo Utara,244,7780855,1898528620,1,A,2025,Belum Bersertifikat,
Sawahan,Desa Sawahan Timur,106,5832011,618193166,2,B,2025,SHM,SRT-235174
Sukolilo,Desa Sukolilo Timur,221,10859800,2400015800,1,A,2025,Belum Bersertifikat,
Tambaksari,Desa Tambaksari Indah,109,8553168,932295312,1,A,2025,Belum Bersertifikat,
Sambikerep,Desa Sambikerep Selatan,107,11902047,1273519029,1,A,2025,SHM,SRT-619766
Bulak,Desa Bulak Timur,359,5935246,2130753314,2,B,2025,SHM,SRT-507694
Benowo,Desa Benowo Timur,152,6765371,1028336392,2,B,2025,Belum Bersertifikat,
Jambangan,Desa Jambangan Selatan,283,5249069,1485486527,2,B,2025,Belum Bersertifikat,
Gayungan,Desa Gayungan Barat,461,4378742,2018600062,2,B,2025,SHM,SRT-239435
Tandes,Kelurahan Tandes Kota,112,11479123,1285661776,1,A,2025,SHM,SRT-964213
Pabean Cantikan,Lingkungan Pabean Cantikan Maju,271,6092882,1651171022,2,B,2025,SHM,SRT-130455
Asemrowo,Lingkungan Asemrowo Barat,215,5569106,1197357790,2,B,2025,SHM,SRT-541084
Pabean Cantikan,Kelurahan Pabean Cantikan Maju,193,4230631,816511783,2,B,2025,Belum Bersertifikat,
Asemrowo,Kelurahan Asemrowo Maju,331,4335925,1435191175,2,B,2025,SHM,SRT-632822
Sukolilo,Kelurahan Sukolilo Indah,131,7311039,957746109,1,A,2025,HGB,SRT-604931
Rungkut,Lingkungan Rungkut Indah,273,7372273,2012630529,1,A,2025,HGB,SRT-763876
Simokerto,Desa Simokerto Selatan,244,11438578,2791013032,1,A,2025,SHM,SRT-348918
Sawahan,Kelurahan Sawahan Utara,275,4226261,1162221775,2,B,2025,SHM,SRT-982303
Gubeng,Kelurahan Gubeng Maju,205,7034399,1442051795,1,A,2025,Belum Bersertifikat,
Jambangan,Lingkungan Jambangan Maju,430,6966525,2995605750,2,B,2025,HGB,SRT-436536
Sambikerep,Kelurahan Sambikerep Utara,118,11559048,1363967664,1,A,2025,HGB,SRT-335333
Semampir,Desa Semampir Timur,359,6789557,2437450963,2,B,2025,Belum Bersertifikat,
Sukomanunggal,Kelurahan Sukomanunggal Indah,442,4015159,1774700278,2,B,2025,Belum Bersertifikat,
Tandes,Kelurahan Tandes Utara,426,10351295,4409651670,1,A,2025,Belum Bersertifikat,
Pakal,Lingkungan Pakal Timur,222,8772513,1947497886,1,A,2025,Belum Bersertifikat,
Pabean Cantikan,Desa Pabean Cantikan Selatan,316,4898986,1548079576,2,B,2025,SHM,SRT-552303
Pakal,Kelurahan Pakal Kota,153,11556911,1768207383,1,A,2025,Belum Bersertifikat,
Tambaksari,Desa Tambaksari Indah,87,7109935,618564345,1,A,2025,HGB,SRT-265173
Wonocolo,Lingkungan Wonocolo Indah,239,9698953,2318049767,1,A,2025,HGB,SRT-293139
Prajuritkulon,Desa Prajuritkulon Utara,387,5170206,2000869722,2,B,2025,Belum Bersertifikat,
Tambaksari,Desa Tambaksari Maju,140,8059519,1128332660,1,A,2025,HGB,SRT-766921
Rungkut,Lingkungan Rungkut Utara,256,10507708,2689973248,1,A,2025,SHM,SRT-715426
Bubutan,Desa Bubutan Selatan,200,6326264,1265252800,2,B,2025,HGB,SRT-675501
Sambikerep,Desa Sambikerep Maju,470,9160080,4305237600,1,A,2025,Belum Bersertifikat,
Jambangan,Kelurahan Jambangan Barat,472,5863098,2767382256,2,B,2025,Belum Bersertifikat,
Prajuritkulon,Lingkungan Prajuritkulon Barat,193,6465840,1247907120,2,B,2025,HGB,SRT-664536
Mulyorejo,Desa Mulyorejo Indah,419,10155124,4254996956,1,A,2025,HGB,SRT-550982
Wonocolo,Lingkungan Wonocolo Timur,409,7358056,3009444904,1,A,2025,HGB,SRT-623895
Kenjeran,Lingkungan Kenjeran Kota,63,5628091,354569733,2,B,2025,HGB,SRT-724965
Tandes,Kelurahan Tandes Timur,498,9677691,4819490118,1,A,2025,HGB,SRT-347091
Bulak,Desa Bulak Maju,275,5888243,1619266825,2,B,2025,HGB,SRT-827794
Krembangan,Kelurahan Krembangan Selatan,200,6382828,1276565600,2,B,2025,Belum Bersertifikat,
Dukuh Pakis,Lingkungan Dukuh Pakis Selatan,57,6613995,376997715,2,B,2025,Belum Bersertifikat,
Pabean Cantikan,Desa Pabean Cantikan Utara,133,4943926,657542158,2,B,2025,HGB,SRT-920134
Simokerto,Kelurahan Simokerto Selatan,88,10461120,920578560,1,A,2025,Belum Bersertifikat,
Sambikerep,Desa Sambikerep Utara,395,9473596,3742070420,1,A,2025,SHM,SRT-767419
Bubutan,Kelurahan Bubutan Indah,392,6521537,2556442504,2,B,2025,Belum Bersertifikat,
Jambangan,Desa Jambangan Maju,445,6884758,3063717310,2,B,2025,SHM,SRT-234582
Kenjeran,Kelurahan Kenjeran Utara,95,5495231,522046945,2,B,2025,HGB,SRT-478820
Rungkut,Kelurahan Rungkut Timur,324,10969875,3554239500,1,A,2025,HGB,SRT-796589
Krembangan,Lingkungan Krembangan Maju,77,4098750,315603750,2,B,2025,Belum Bersertifikat,
Tandes,Lingkungan Tandes Maju,398,8833715,3515818570,1,A,2025,HGB,SRT-515212
Prajuritkulon,Lingkungan Prajuritkulon Timur,408,4852510,1979824080,2,B,2025,HGB,SRT-544541
Prajuritkulon,Desa Prajuritkulon Timur,87,6070564,528139068,2,B,2025,Belum Bersertifikat,
Genteng,Kelurahan Genteng Selatan,494,9768028,4825405832,1,A,2025,HGB,SRT-752387
Sambikerep,Kelurahan Sambikerep Kota,446,8437057,3762927422,1,A,2025,Belum Bersertifikat,
Gunung Anyar,Desa Gunung Anyar Kota,479,11111435,5322377365,1,A,2025,Belum Bersertifikat,
Asemrowo,Kelurahan Asemrowo Kota,422,4353855,1837326810,2,B,2025,HGB,SRT-481381
Rungkut,Lingkungan Rungkut Barat,80,11650965,932077200,1,A,2025,SHM,SRT-863658
Sawahan,Kelurahan Sawahan Utara,448,6803482,3047959936,2,B,2025,HGB,SRT-344260
Tegalsari,Kelurahan Tegalsari Maju,423,9583257,4053717711,1,A,2025,Belum Bersertifikat,
Sukomanunggal,Kelurahan Sukomanunggal Timur,139,6721545,934294755,2,B,2025,Belum Bersertifikat,
Simokerto,Lingkungan Simokerto Indah,375,10645185,3991944375,1,A,2025,SHM,SRT-518474
Kenjeran,Kelurahan Kenjeran Indah,318,4655467,1480438506,2,B,2025,Belum Bersertifikat,
Gunung Anyar,Lingkungan Gunung Anyar Timur,303,7952371,2409568413,1,A,2025,HGB,SRT-632715
Pakal,Kelurahan Pakal Utara,451,8735834,3939861134,1,A,2025,Belum Bersertifikat,
Bubutan,Kelurahan Bubutan Utara,167,6805520,1136521840,2,B,2025,HGB,SRT-485341
Bulak,Lingkungan Bulak Timur,83,6180457,512977931,2,B,2025,Belum Bersertifikat,
Wiyung,Desa Wiyung Timur,78,6658660,519375480,2,B,2025,SHM,SRT-108405
Tegalsari,Kelurahan Tegalsari Utara,467,7620501,3558773967,1,A,2025,HGB,SRT-766381
Gayungan,Lingkungan Gayungan Utara,105,5447392,571976160,2,B,2025,SHM,SRT-364061
Pabean Cantikan,Lingkungan Pabean Cantikan Indah,237,5194285,1231045545,2,B,2025,SHM,SRT-780179
Kenjeran,Kelurahan Kenjeran Maju,471,6935994,3266853174,2,B,2025,SHM,SRT-299600
Tegalsari,Kelurahan Tegalsari Indah,443,11382520,5042456360,1,A,2025,Belum Bersertifikat,
Pabean Cantikan,Lingkungan Pabean Cantikan Maju,443,5399587,2392017041,2,B,2025,Belum Bersertifikat,
Sukomanunggal,Lingkungan Sukomanunggal Utara,414,5915554,2449039356,2,B,2025,Belum Bersertifikat,
Benowo,Kelurahan Benowo Indah,407,4817238,1960615866,2,B,2025,SHM,SRT-966418
Jambangan,Desa Jambangan Timur,92,6916050,636276600,2,B,2025,Belum Bersertifikat,
Gubeng,Desa Gubeng Kota,227,9649137,2190354099,1,A,2025,HGB,SRT-859297
Gubeng,Lingkungan Gubeng Timur,302,10923239,3298818178,1,A,2025,HGB,SRT-513024
Krembangan,Kelurahan Krembangan Barat,151,5905427,891719477,2,B,2025,SHM,SRT-835279
Jambangan,Desa Jambangan Kota,281,5096341,1432071821,2,B,2025,SHM,SRT-481275
Semampir,Kelurahan Semampir Timur,148,6486101,959942948,2,B,2025,SHM,SRT-554312
Bulak,Desa Bulak Selatan,53,6159184,326436752,2,B,2025,HGB,SRT-771912
Lakarsantri,Lingkungan Lakarsantri Utara,148,11022370,1631310760,1,A,2025,SHM,SRT-742660
Gubeng,Lingkungan Gubeng Barat,224,10044859,2250048416,1,A,2025,HGB,SRT-149876
Asemrowo,Kelurahan Asemrowo Kota,308,6187846,1905856568,2,B,2025,HGB,SRT-896161
Tegalsari,Lingkungan Tegalsari Utara,415,7275900,3019498500,1,A,2025,HGB,SRT-184566
Sawahan,Kelurahan Sawahan Maju,287,5946817,1706736479,2,B,2025,Belum Bersertifikat,
Asemrowo,Desa Asemrowo Kota,266,6446654,1714809964,2,B,2025,Belum Bersertifikat,
Jambangan,Lingkungan Jambangan Maju,332,6626350,2199948200,2,B,2025,Belum Bersertifikat,
Wonokromo,Desa Wonokromo Timur,273,8949363,2443176099,1,A,2025,HGB,SRT-817175
Jambangan,Desa Jambangan Selatan,148,6697645,991251460,2,B,2025,HGB,SRT-273982
Pakal,Kelurahan Pakal Kota,367,11300706,4147359102,1,A,2025,HGB,SRT-696552
Semampir,Lingkungan Semampir Maju,322,6269466,2018768052,2,B,2025,Belum Bersertifikat,
Wonokromo,Lingkungan Wonokromo Selatan,327,9971733,3260756691,1,A,2025,Belum Bersertifikat,
Benowo,Desa Benowo Selatan,421,6489787,2732200327,2,B,2025,Belum Bersertifikat,
Karang Pilang,Lingkungan Karang Pilang Utara,276,6724649,1856003124,2,B,2025,SHM,SRT-302308
Sukomanunggal,Kelurahan Sukomanunggal Selatan,113,5912399,668101087,2,B,2025,HGB,SRT-983972
Wonocolo,Desa Wonocolo Maju,225,7878130,1772579250,1,A,2025,SHM,SRT-151731
Benowo,Desa Benowo Maju,478,6840562,3269788636,2,B,2025,SHM,SRT-771569
Tambaksari,Kelurahan Tambaksari Timur,420,11081988,4654434960,1,A,2025,SHM,SRT-646627
Wonocolo,Desa Wonocolo Kota,165,11815593,1949572845,1,A,2025,SHM,SRT-374335
Tegalsari,Kelurahan Tegalsari Utara,307,8075122,2479062454,1,A,2025,Belum Bersertifikat,
Simokerto,Kelurahan Simokerto Maju,60,7804441,468266460,1,A,2025,Belum Bersertifikat,
Bulak,Desa Bulak Barat,455,5389678,2452303490,2,B,2025,SHM,SRT-788851
Wiyung,Lingkungan Wiyung Timur,426,5686077,2422268802,2,B,2025,SHM,SRT-592279
Gubeng,Kelurahan Gubeng Kota,259,11609167,3006774253,1,A,2025,HGB,SRT-539085
Kenjeran,Kelurahan Kenjeran Indah,152,4471077,679603704,2,B,2025,Belum Bersertifikat,
Tandes,Lingkungan Tandes Kota,404,8191842,3309504168,1,A,2025,HGB,SRT-899370
Lakarsantri,Kelurahan Lakarsantri Maju,167,10928162,1825003054,1,A,2025,Belum Bersertifikat,
Pabean Cantikan,Desa Pabean Cantikan Utara,303,4034325,1222400475,2,B,2025,SHM,SRT-161259
Sambikerep,Kelurahan Sambikerep Indah,498,8123128,4045317744,1,A,2025,SHM,SRT-580971
Genteng,Desa Genteng Barat,158,10814735,1708728130,1,A,2025,Belum Bersertifikat,
Gayungan,Kelurahan Gayungan Indah,233,4862724,1133014692,2,B,2025,HGB,SRT-668061
Karang Pilang,Lingkungan Karang Pilang Timur,265,5557636,1472773540,2,B,2025,Belum Bersertifikat,
Sukolilo,Kelurahan Sukolilo Indah,67,8160818,546774806,1,A,2025,Belum Bersertifikat,
Simokerto,Lingkungan Simokerto Timur,244,11864572,2894955568,1,A,2025,SHM,SRT-869935
Benowo,Desa Benowo Utara,488,5966563,2911682744,2,B,2025,SHM,SRT-483647
Simokerto,Desa Simokerto Kota,465,7445865,3462327225,1,A,2025,SHM,SRT-790562
Sawahan,Kelurahan Sawahan Timur,288,5248361,1511527968,2,B,2025,SHM,SRT-408167
Sawahan,Desa Sawahan Indah,312,6374161,1988738232,2,B,2025,Belum Bersertifikat,
Rungkut,Kelurahan Rungkut Selatan,311,8955966,2785305426,1,A,2025,SHM,SRT-415315
Sukomanunggal,Lingkungan Sukomanunggal Maju,463,5769913,2671469719,2,B,2025,SHM,SRT-965089
Pabean Cantikan,Kelurahan Pabean Cantikan Kota,496,4486384,2225246464,2,B,2025,HGB,SRT-518259
Bulak,Lingkungan Bulak Kota,272,6817125,1854258000,2,B,2025,SHM,SRT-889565
Bubutan,Desa Bubutan Utara,464,5784682,2684092448,2,B,2025,Belum Bersertifikat,
Dukuh Pakis,Lingkungan Dukuh Pakis Selatan,484,4811287,2328662908,2,B,2025,Belum Bersertifikat,
Mulyorejo,Desa Mulyorejo Utara,177,7283816,1289235432,1,A,2025,Belum Bersertifikat,
Sawahan,Kelurahan Sawahan Selatan,415,5070337,2104189855,2,B,2025,HGB,SRT-992734
Lakarsantri,Desa Lakarsantri Maju,368,7176330,2640889440,1,A,2025,Belum Bersertifikat,
Tambaksari,Desa Tambaksari Kota,171,11509040,1968045840,1,A,2025,SHM,SRT-663805
Semampir,Kelurahan Semampir Kota,217,4087944,887083848,2,B,2025,Belum Bersertifikat,
Tandes,Kelurahan Tandes Timur,86,11016714,947437404,1,A,2025,SHM,SRT-915038
Asemrowo,Kelurahan Asemrowo Utara,378,6626654,2504875212,2,B,2025,HGB,SRT-924871
Sambikerep,Lingkungan Sambikerep Maju,389,11940000,4644660000,1,A,2025,HGB,SRT-702722
Sukolilo,Desa Sukolilo Indah,248,7982798,1979733904,1,A,2025,SHM,SRT-688445
Genteng,Lingkungan Genteng Selatan,109,9205439,1003392851,1,A,2025,SHM,SRT-791445
Sukomanunggal,Lingkungan Sukomanunggal Indah,372,4356123,1620477756,2,B,2025,SHM,SRT-942476
Sawahan,Desa Sawahan Barat,68,4964116,337559888,2,B,2025,SHM,SRT-111992
Wonocolo,Lingkungan Wonocolo Maju,392,11234088,4403762496,1,A,2025,HGB,SRT-487049
Karang Pilang,Lingkungan Karang Pilang Utara,442,5388920,2381902640,2,B,2025,SHM,SRT-329239
Wonocolo,Desa Wonocolo Utara,457,7073721,3232690497,1,A,2025,SHM,SRT-690307
Wonokromo,Lingkungan Wonokromo Maju,429,8095450,3472948050,1,A,2025,HGB,SRT-314680
Wonocolo,Kelurahan Wonocolo Barat,187,8544666,1597852542,1,A,2025,SHM,SRT-929163
Lakarsantri,Desa Lakarsantri Kota,375,7412951,2779856625,1,A,2025,Belum Bersertifikat,
Jambangan,Desa Jambangan Timur,246,6899449,1697264454,2,B,2025,SHM,SRT-320243
Simokerto,Kelurahan Simokerto Timur,411,7472041,3071008851,1,A,2025,SHM,SRT-332672
Genteng,Desa Genteng Barat,271,11195223,3033905433,1,A,2025,Belum Bersertifikat,
Prajuritkulon,Kelurahan Prajuritkulon Timur,188,4192869,788259372,2,B,2025,Belum Bersertifikat,
Bulak,Desa Bulak Maju,108,4548061,491190588,2,B,2025,SHM,SRT-215128
Prajuritkulon,Desa Prajuritkulon Timur,191,6265656,1196740296,2,B,2025,SHM,SRT-442364
Tegalsari,Lingkungan Tegalsari Indah,55,11492136,632067480,1,A,2025,SHM,SRT-991918
Asemrowo,Desa Asemrowo Selatan,448,4671089,2092647872,2,B,2025,Belum Bersertifikat,
Wiyung,Kelurahan Wiyung Utara,109,6671220,727162980,2,B,2025,SHM,SRT-139918
Sukomanunggal,Kelurahan Sukomanunggal Barat,358,6190968,2216366544,2,B,2025,SHM,SRT-623064
Sukomanunggal,Kelurahan Sukomanunggal Selatan,188,5153007,968765316,2,B,2025,SHM,SRT-371980
Wonokromo,Lingkungan Wonokromo Selatan,270,9684760,2614885200,1,A,2025,HGB,SRT-111239
Krembangan,Desa Krembangan Utara,266,5556910,1478138060,2,B,2025,SHM,SRT-501918
Simokerto,Desa Simokerto Indah,456,7760931,3538984536,1,A,2025,HGB,SRT-222333
Prajuritkulon,Kelurahan Prajuritkulon Indah,139,5049784,701919976,2,B,2025,SHM,SRT-470181
Tegalsari,Lingkungan Tegalsari Timur,317,7839973,2485271441,1,A,2025,HGB,SRT-583864
Semampir,Lingkungan Semampir Maju,90,4183289,376496010,2,B,2025,SHM,SRT-797169
Genteng,Desa Genteng Kota,329,9679391,3184519639,1,A,2025,SHM,SRT-878140
Asemrowo,Kelurahan Asemrowo Selatan,423,5034215,2129472945,2,B,2025,HGB,SRT-885473
Simokerto,Kelurahan Simokerto Selatan,490,8594670,4211388300,1,A,2025,HGB,SRT-958347
Pabean Cantikan,Lingkungan Pabean Cantikan Selatan,60,5725452,343527120,2,B,2025,Belum Bersertifikat,
Pakal,Kelurahan Pakal Indah,258,11713177,3021999666,1,A,2025,Belum Bersertifikat,
Genteng,Desa Genteng Maju,491,10230471,5023161261,1,A,2025,Belum Bersertifikat,
Benowo,Desa Benowo Timur,465,5452914,2535605010,2,B,2025,Belum Bersertifikat,
Lakarsantri,Kelurahan Lakarsantri Timur,92,10451318,961521256,1,A,2025,Belum Bersertifikat,
Kenjeran,Desa Kenjeran Utara,95,6788798,644935810,2,B,2025,HGB,SRT-840980
Prajuritkulon,Desa Prajuritkulon Utara,178,5462858,972388724,2,B,2025,SHM,SRT-985868
Dukuh Pakis,Desa Dukuh Pakis Utara,87,5598013,487027131,2,B,2025,SHM,SRT-303613
Krembangan,Desa Krembangan Utara,259,5443578,1409886702,2,B,2025,SHM,SRT-733064
Sawahan,Desa Sawahan Utara,398,5683412,2261997976,2,B,2025,Belum Bersertifikat,
Sukomanunggal,Lingkungan Sukomanunggal Selatan,224,6060155,1357474720,2,B,2025,HGB,SRT-482943
Bubutan,Desa Bubutan Barat,366,5887037,2154655542,2,B,2025,Belum Bersertifikat,
